ID,Ad,Soyad,Email,Cinsiyet,Şirket Adı,Doğum Tarihi,Maaş
1,Townie,Langforth,tlangforth0@usgs.gov,Male,Kayveo,01/02/1991,7964.18
2,Murdoch,Craigs,mcraigs1@altervista.org,Male,Miboo,20/01/1989,5962.22
3,Sigismund,Geoghegan,sgeoghegan2@istockphoto.com,Male,Meezzy,21/01/1988,5024.92
4,Filia,Wraith,fwraith3@so-net.ne.jp,Female,Yambee,13/04/1992,3995.87
5,Opaline,Waddup,owaddup4@multiply.com,Female,Realfire,09/02/1988,6217.04
6,Hakeem,Belbin,hbelbin5@ft.com,Male,Jazzy,26/04/1990,6753.79
7,Gertrudis,Kinkade,gkinkade6@youtube.com,Female,Skimia,02/12/1989,10442.48
8,Nissy,Hamerton,nhamerton7@tumblr.com,Female,Miboo,09/01/1991,6638.83
9,Briny,Cisland,bcisland8@tmall.com,Female,Edgeify,18/05/1990,6462.02
10,Ofella,Handyside,ohandyside9@independent.co.uk,Female,Skinte,10/09/1991,7495.29
11,Kassandra,Caurah,kcauraha@ucsd.edu,Female,Avaveo,08/06/1991,7034.15
12,Carole,Standley,cstandleyb@1und1.de,Female,Tambee,18/07/1988,8134.15
13,Paulette,Bonafant,pbonafantc@clickbank.net,Female,Centidel,28/08/1990,6258.55
14,Diena,Ipwell,dipwelld@ustream.tv,Female,Oyope,17/02/1990,5826.50
15,Katuscha,McLeish,kmcleishe@examiner.com,Female,Jaloo,02/12/1990,9410.24
16,Rosana,Folshom,rfolshomf@dailymail.co.uk,Female,Viva,23/04/1989,10093.53
17,Katharyn,Cicculi,kcicculig@furl.net,Female,Eimbee,23/08/1991,6025.23
18,Gibb,Le Marchant,glemarchanth@google.es,Male,Vinder,21/07/1990,7663.34
19,Falkner,Wisniewski,fwisniewskii@wsj.com,Male,Bluejam,13/02/1990,9714.79
20,Brennen,Mell,bmellj@jiathis.com,Male,Centimia,05/12/1988,4505.10
21,Tate,Scruton,tscrutonk@friendfeed.com,Male,Flashspan,17/02/1990,6851.45
22,Dwain,Girauld,dgirauldl@opera.com,Male,Mynte,02/02/1992,6512.04
23,Red,Saddler,rsaddlerm@e-recht24.de,Male,Jabbercube,12/03/1990,4155.87
24,Antonietta,Laybourne,alaybournen@mediafire.com,Female,Fanoodle,24/09/1988,9475.25
25,Quinta,Calbrathe,qcalbratheo@blog.com,Female,Feedfish,03/04/1990,9916.52
26,Kerr,Wateridge,kwateridgep@topsy.com,Male,Vimbo,07/02/1989,5160.80
27,Arda,Allday,aalldayq@godaddy.com,Female,Feedfish,05/04/1991,7374.99
28,Diane-marie,Walewicz,dwalewiczr@google.co.jp,Female,Eamia,04/02/1989,9686.03
29,Blayne,Onn,bonns@histats.com,Male,Edgewire,23/10/1989,7011.32
30,Christopher,Dibbin,cdibbint@ocn.ne.jp,Male,Oyoba,23/06/1988,8619.33
31,Bev,Simonitto,bsimonittou@dell.com,Male,Kare,27/11/1991,7303.07
32,Dennison,Blais,dblaisv@aboutads.info,Male,Thoughtbridge,06/06/1990,6607.00
33,Archibold,Suarez,asuarezw@omniture.com,Male,Muxo,30/11/1989,9392.80
34,Niven,Juzek,njuzekx@bing.com,Male,Tagpad,30/05/1990,7694.34
35,Morena,Linggard,mlinggardy@independent.co.uk,Female,Photofeed,02/10/1991,6290.02
36,Raynor,Bloore,rbloorez@elegantthemes.com,Male,Mydeo,20/05/1988,8806.89
37,Edvard,Vasiliu,evasiliu10@howstuffworks.com,Male,Cogibox,30/10/1991,10886.31
38,Pavlov,Scutching,pscutching11@seattletimes.com,Male,Vinte,28/05/1991,4924.50
39,Nichole,McKeurton,nmckeurton12@altervista.org,Female,Rhynyx,04/02/1990,6843.00
40,Deeanne,Burges,dburges13@symantec.com,Female,Photolist,24/10/1988,5653.45
41,Mignonne,Angood,mangood14@mashable.com,Female,Yadel,27/01/1989,9510.44
42,Herta,Atwater,hatwater15@fda.gov,Female,Mycat,23/03/1989,3978.22
43,Odelinda,Blanden,oblanden16@nyu.edu,Female,Buzzshare,25/12/1988,3642.25
44,Jenny,Melonby,jmelonby17@cdbaby.com,Female,Cogidoo,19/09/1990,4726.95
45,Oralla,De Vries,odevries18@acquirethisname.com,Female,Jabberstorm,07/08/1990,9827.44
46,Cherin,Morphew,cmorphew19@rakuten.co.jp,Female,Oyonder,25/10/1988,4212.52
47,Bernie,Webburn,bwebburn1a@slashdot.org,Male,Agivu,20/01/1990,7286.92
48,Brod,Nell,bnell1b@netlog.com,Male,Quire,18/08/1988,5061.07
49,Gweneth,Sweett,gsweett1c@domainmarket.com,Female,Babbleset,22/08/1989,10846.02
50,Jeremie,Tabner,jtabner1d@biblegateway.com,Male,Mydeo,03/06/1989,4770.08
51,Ainsley,Merryfield,amerryfield1e@si.edu,Female,Jayo,28/09/1990,8843.99
52,Patty,Blackman,pblackman1f@howstuffworks.com,Male,Photobug,15/05/1990,7911.11
53,Abigale,Penlington,apenlington1g@ucla.edu,Female,Youspan,21/01/1988,5840.83
54,Jeffie,Arnaudi,jarnaudi1h@google.es,Male,Yodo,19/03/1992,4000.33
55,Nahum,Berringer,nberringer1i@shareasale.com,Male,Brainlounge,28/06/1988,6696.22
56,Davin,Pessler,dpessler1j@shareasale.com,Male,Divanoodle,08/12/1991,8005.47
57,Cher,Lehr,clehr1k@spotify.com,Female,Roodel,15/04/1990,11293.39
58,Andrew,Puckey,apuckey1l@bloglovin.com,Male,Youfeed,19/07/1989,9280.75
59,Elyse,Lewis,elewis1m@elegantthemes.com,Female,Riffpath,16/03/1989,6094.02
60,Dehlia,Scheffel,dscheffel1n@goodreads.com,Female,Realfire,10/10/1990,8562.64
61,Teddy,Tukely,ttukely1o@merriam-webster.com,Male,Trilia,09/02/1990,9408.69
62,Friederike,Pietranek,fpietranek1p@blog.com,Female,Jayo,03/01/1990,7040.97
63,Sanderson,McEvilly,smcevilly1q@narod.ru,Male,Innotype,27/09/1990,7694.77
64,Shanda,Fulger,sfulger1r@ezinearticles.com,Female,Snaptags,24/10/1990,9439.39
65,Bethany,Adame,badame1s@vk.com,Female,Wordpedia,01/12/1991,6099.90
66,Reinwald,Renison,rrenison1t@auda.org.au,Male,Meembee,08/12/1989,9525.36
67,Doralia,Skirvin,dskirvin1u@blogtalkradio.com,Female,Thoughtsphere,04/06/1991,10417.02
68,Moses,Farish,mfarish1v@sitemeter.com,Male,Dabvine,17/09/1988,9752.63
69,Terrence,MacKaig,tmackaig1w@utexas.edu,Male,Fatz,16/07/1990,8695.51
70,Glenn,Crannell,gcrannell1x@geocities.com,Female,Realblab,31/03/1988,9505.96
71,Lloyd,Langston,llangston1y@arstechnica.com,Male,Oyoloo,17/08/1989,4604.58
72,Addie,Goff,agoff1z@hugedomains.com,Male,Thoughtstorm,23/04/1992,10496.79
73,Judd,Bulch,jbulch20@gnu.org,Male,Blognation,13/08/1989,7214.12
74,Ariel,Isacsson,aisacsson21@msn.com,Female,Skajo,05/03/1991,8752.77
75,Martie,Arnason,marnason22@opera.com,Female,Eimbee,07/01/1989,8083.23
76,Avrit,Fanshawe,afanshawe23@businessweek.com,Female,Blognation,23/02/1989,6237.85
77,Ivor,Purseglove,ipurseglove24@networksolutions.com,Male,Leenti,01/02/1990,6578.71
78,Adelina,Arnolds,aarnolds25@uol.com.br,Female,Thoughtsphere,28/09/1990,11199.91
79,Florella,Crocroft,fcrocroft26@theglobeandmail.com,Female,Lajo,08/08/1989,10807.09
80,Cassie,Huckabe,chuckabe27@themeforest.net,Female,Oyoyo,25/06/1988,6724.20
81,Earl,Greaser,egreaser28@sina.com.cn,Male,Jabbercube,06/06/1989,6066.75
82,Fianna,Craghead,fcraghead29@guardian.co.uk,Female,Wordify,25/06/1988,8873.87
83,Sanderson,McWhorter,smcwhorter2a@google.ru,Male,Mymm,12/02/1992,11948.36
84,Malina,Mastrantone,mmastrantone2b@jimdo.com,Female,Voolith,16/10/1989,4144.31
85,Dewain,Yarrington,dyarrington2c@theguardian.com,Male,Omba,19/02/1991,4495.00
86,Rebekah,Farnall,rfarnall2d@mtv.com,Female,Buzzbean,19/04/1988,5984.96
87,Siouxie,Hoyte,shoyte2e@bloglines.com,Female,Skyba,26/09/1990,8573.40
88,Lionello,Mulloch,lmulloch2f@webeden.co.uk,Male,Yakidoo,06/11/1989,9152.43
89,Christoph,Thrussell,cthrussell2g@si.edu,Male,Edgeify,11/04/1989,8666.87
90,Deb,Parysiak,dparysiak2h@mysql.com,Female,Demizz,19/12/1991,5296.97
91,Joli,Primarolo,jprimarolo2i@skyrock.com,Female,Latz,09/02/1992,8091.85
92,Tonye,Ebbins,tebbins2j@symantec.com,Female,Edgeblab,30/03/1988,11851.41
93,Abra,Pryor,apryor2k@reverbnation.com,Female,Camido,07/03/1991,11329.16
94,Kissee,Roddie,kroddie2l@biblegateway.com,Female,Wikivu,06/05/1988,10853.06
95,Cleve,Ahlf,cahlf2m@t-online.de,Male,Devcast,02/07/1990,6703.39
96,Leila,Kleynen,lkleynen2n@hp.com,Female,Voonder,01/05/1988,11186.54
97,Brandy,Sexstone,bsexstone2o@etsy.com,Female,Wordify,04/03/1989,4720.22
98,Neron,Just,njust2p@ebay.com,Male,Reallinks,23/08/1990,11951.49
99,Deeann,Kingcote,dkingcote2q@technorati.com,Female,Tazz,02/06/1991,10861.33
100,Frazer,Spratling,fspratling2r@blog.com,Male,Tekfly,30/08/1991,11504.05
101,Irvine,Drohan,idrohan2s@nhs.uk,Male,Browsetype,20/06/1988,11575.69
102,Liesa,Fealey,lfealey2t@mayoclinic.com,Female,Vinte,12/04/1989,8178.37
103,Stanley,Ding,sding2u@ifeng.com,Male,Chatterbridge,29/08/1991,9690.53
104,Netta,Clery,nclery2v@cnbc.com,Female,Topicblab,08/07/1990,4786.91
105,Letizia,Kneller,lkneller2w@amazon.co.jp,Female,Photobug,25/11/1990,8897.06
106,Pacorro,Birrane,pbirrane2x@ifeng.com,Male,Twiyo,18/01/1992,11031.29
107,Sisile,Sainte Paul,ssaintepaul2y@techcrunch.com,Female,Blognation,12/06/1988,9034.94
108,Emogene,Jervois,ejervois2z@shutterfly.com,Female,Gabcube,07/04/1992,3951.62
109,Umeko,Ottewill,uottewill30@pcworld.com,Female,Avamm,14/11/1989,11541.78
110,Fleur,Toopin,ftoopin31@google.nl,Female,Brightdog,24/10/1989,6120.93
111,Filide,Edscer,fedscer32@cnbc.com,Female,Yamia,09/12/1988,6820.16
112,Ina,Teck,iteck33@studiopress.com,Female,Gigaclub,23/08/1991,9223.56
113,Dorella,Bagenal,dbagenal34@jugem.jp,Female,Skiba,28/04/1989,10003.81
114,Lydon,Sander,lsander35@pagesperso-orange.fr,Male,Quinu,15/12/1988,10739.88
115,Lanna,Hickenbottom,lhickenbottom36@google.ca,Female,Tagpad,31/03/1990,9206.68
116,Micheil,Burl,mburl37@nsw.gov.au,Male,Yakidoo,12/03/1991,7457.00
117,Paddy,Deek,pdeek38@mail.ru,Male,Voonder,22/01/1988,7388.35
118,Giraldo,Chitson,gchitson39@ask.com,Male,Demimbu,11/01/1989,7902.99
119,Berne,Walbrun,bwalbrun3a@liveinternet.ru,Male,Brainverse,14/02/1990,3730.49
120,Morlee,Vergine,mvergine3b@spiegel.de,Male,Abata,24/02/1991,5554.45
121,Sol,Phettis,sphettis3c@mysql.com,Male,Edgepulse,10/06/1991,11536.72
122,Shani,Carress,scarress3d@vistaprint.com,Female,Kazio,13/07/1989,7518.35
123,Ingeborg,Demaid,idemaid3e@yellowpages.com,Female,LiveZ,07/09/1991,8600.24
124,Tybie,Cready,tcready3f@nasa.gov,Female,Wikizz,24/02/1992,10705.78
125,Julius,Humfrey,jhumfrey3g@deviantart.com,Male,Trilia,10/06/1990,5612.92
126,Durant,Fonzone,dfonzone3h@yellowbook.com,Male,Flashset,03/11/1991,11355.02
127,Sullivan,Pinnocke,spinnocke3i@freewebs.com,Male,Feedbug,03/11/1990,4015.67
128,Emmalyn,Jupp,ejupp3j@uiuc.edu,Female,Ntag,28/01/1991,7861.56
129,Dulciana,Alner,dalner3k@unicef.org,Female,Mita,24/03/1988,5968.69
130,Henri,Notti,hnotti3l@statcounter.com,Male,Twitterbeat,09/12/1990,11940.80
131,Quentin,Hickeringill,qhickeringill3m@pen.io,Male,Skinix,18/07/1989,7385.69
132,Denni,Naptin,dnaptin3n@adobe.com,Female,Gabtune,23/01/1988,7305.02
133,Minne,Samudio,msamudio3o@domainmarket.com,Female,Snaptags,01/12/1989,10287.73
134,Karylin,Mea,kmea3p@techcrunch.com,Female,Riffpedia,26/01/1989,6072.09
135,Manuel,Noakes,mnoakes3q@mashable.com,Male,LiveZ,28/03/1992,10537.87
136,Ursuline,Calendar,ucalendar3r@ihg.com,Female,Pixope,10/03/1992,3529.07
137,Forbes,Janes,fjanes3s@china.com.cn,Male,Edgetag,30/11/1989,5983.18
138,Serge,Franzotto,sfranzotto3t@reverbnation.com,Male,Mymm,17/04/1990,5753.46
139,Rebekah,Fleckno,rfleckno3u@netlog.com,Female,Riffpath,12/06/1991,7941.15
140,Witty,Shilling,wshilling3v@youku.com,Male,Zoomcast,18/11/1990,7107.32
141,Hamil,Anlay,hanlay3w@sphinn.com,Male,Feedfish,22/05/1991,10722.66
142,Ileane,de Quesne,idequesne3x@howstuffworks.com,Female,Mydo,06/07/1989,9674.85
143,Jeddy,Gisburne,jgisburne3y@ocn.ne.jp,Male,Jabbersphere,01/07/1988,7098.40
144,Raleigh,Matessian,rmatessian3z@mozilla.org,Male,Gabtype,28/04/1990,8685.95
145,Sollie,Crawshay,scrawshay40@sun.com,Male,Mynte,24/01/1988,5657.32
146,Meade,Reinisch,mreinisch41@yandex.ru,Male,Thoughtbridge,16/04/1989,7677.15
147,Vite,Kopmann,vkopmann42@clickbank.net,Male,JumpXS,04/05/1991,9116.00
148,Niccolo,Renshall,nrenshall43@github.com,Male,Oyoyo,27/04/1989,9211.65
149,Allayne,Bedells,abedells44@icio.us,Male,Edgetag,23/10/1988,5050.27
150,Germana,Rawsthorn,grawsthorn45@altervista.org,Female,Izio,09/03/1991,7191.33
151,Quintilla,Labrow,qlabrow46@sciencedaily.com,Female,Chatterbridge,31/05/1988,7154.77
152,Deck,Fumagalli,dfumagalli47@apache.org,Male,Oba,24/05/1988,10253.47
153,Rollie,McBay,rmcbay48@whitehouse.gov,Male,Skippad,26/12/1989,5864.90
154,Roberta,Borham,rborham49@washington.edu,Female,Yamia,19/05/1989,3692.54
155,Tito,Phair,tphair4a@studiopress.com,Male,Realpoint,07/08/1989,9258.58
156,Fredek,Witch,fwitch4b@prnewswire.com,Male,InnoZ,20/09/1991,7346.45
157,Jourdan,Pitkin,jpitkin4c@live.com,Female,Flipbug,26/01/1991,8391.80
158,Philipa,Cary,pcary4d@miitbeian.gov.cn,Female,Gabvine,08/03/1990,6339.98
159,Allianora,Burtwistle,aburtwistle4e@wikispaces.com,Female,Thoughtbridge,17/08/1988,9011.80
160,Jobi,Gregoretti,jgregoretti4f@ed.gov,Female,Skibox,17/11/1990,11633.46
161,Velma,Georgeou,vgeorgeou4g@imgur.com,Female,Eayo,27/04/1990,5875.18
162,Shaylah,Viant,sviant4h@imdb.com,Female,Skajo,19/05/1988,3875.78
163,Gregory,Milksop,gmilksop4i@webnode.com,Male,Npath,23/09/1990,4309.18
164,Horatia,Diano,hdiano4j@drupal.org,Female,Avavee,04/03/1992,7278.73
165,Jessika,Loeber,jloeber4k@fastcompany.com,Female,Blogspan,04/10/1989,11640.93
166,Tomasine,Surgey,tsurgey4l@wunderground.com,Female,Yacero,01/05/1990,11296.18
167,Karolina,Storms,kstorms4m@nature.com,Female,Flashset,14/04/1990,5783.24
168,Orv,Knellen,oknellen4n@cisco.com,Male,Thoughtworks,14/10/1989,7539.09
169,Camille,Pickring,cpickring4o@blogs.com,Female,Jaloo,02/10/1989,9991.57
170,Lanny,Verissimo,lverissimo4p@delicious.com,Male,Quatz,01/01/1989,8624.97
171,Jeremy,Wincott,jwincott4q@dell.com,Male,Jabbersphere,22/02/1988,11952.72
172,Dorree,McGeouch,dmcgeouch4r@spiegel.de,Female,Flipbug,13/10/1990,10924.43
173,Fons,McClinton,fmcclinton4s@people.com.cn,Male,Jabbersphere,26/08/1988,8854.70
174,Xaviera,Oliff,xoliff4t@cnet.com,Female,Browseblab,05/08/1991,7210.32
175,Zack,Morrish,zmorrish4u@phoca.cz,Male,Realblab,16/06/1988,5712.76
176,Isacco,Myrtle,imyrtle4v@cocolog-nifty.com,Male,Gigazoom,04/07/1988,6789.61
177,Angelico,Hewertson,ahewertson4w@hp.com,Male,Gabvine,31/01/1991,4010.28
178,Tedd,Alishoner,talishoner4x@nymag.com,Male,Midel,23/11/1988,8149.91
179,Delphinia,Hearnes,dhearnes4y@virginia.edu,Female,Quire,20/03/1988,4090.63
180,Marjory,Vedekhin,mvedekhin4z@usda.gov,Female,Blogtags,03/02/1990,5349.89
181,Rolfe,Ringsell,rringsell50@tripadvisor.com,Male,Vipe,16/10/1989,8720.47
182,Deeyn,Scheu,dscheu51@artisteer.com,Female,Photobean,20/09/1991,5965.82
183,Monti,Pendlebery,mpendlebery52@msn.com,Male,Photobug,07/07/1988,5716.59
184,Arin,Dendon,adendon53@liveinternet.ru,Male,Meetz,07/07/1988,11198.59
185,Reece,Matus,rmatus54@mail.ru,Male,Riffpedia,08/04/1990,8035.91
186,Ignacio,O'Hickey,iohickey55@amazonaws.com,Male,Vimbo,23/03/1991,11397.22
187,Nannie,Kondratyuk,nkondratyuk56@fema.gov,Female,Mybuzz,29/06/1990,4205.52
188,Corrina,Udale,cudale57@google.com.au,Female,Divape,24/10/1991,9333.55
189,Teresita,Middle,tmiddle58@springer.com,Female,Photofeed,27/04/1988,5078.49
190,Tibold,Easbie,teasbie59@tinyurl.com,Male,Edgepulse,29/07/1990,9994.42
191,Salaidh,Monger,smonger5a@bbb.org,Female,Twitterbeat,24/06/1990,5428.22
192,Corene,Jendrach,cjendrach5b@webnode.com,Female,Youfeed,17/03/1991,7669.99
193,Britteny,Pearne,bpearne5c@hao123.com,Female,Centimia,20/11/1990,9119.94
194,Randie,Retchford,rretchford5d@digg.com,Female,Devify,15/06/1988,4438.01
195,Luther,Bernier,lbernier5e@huffingtonpost.com,Male,Tekfly,28/01/1992,5385.77
196,Christoper,Giovannacc@i,cgiovannacci5f@seesaa.net,Male,Livefish,17/04/1988,9284.54
197,Letti,Gronowe,lgronowe5g@miibeian.gov.cn,Female,Youspan,30/12/1990,8900.94
198,Holly,Tallant,htallant5h@nymag.com,Female,Miboo,14/06/1988,10182.64
199,Trista,Ivins,tivins5i@dedecms.com,Female,Gabtune,15/05/1989,11464.60
200,Dorothee,Lambertz,dlambertz5j@wordpress.org,Female,Quaxo,21/07/1990,8290.21
201,Tim,Kneeland,tkneeland5k@amazon.co.jp,Female,Wikivu,22/01/1988,4268.15
202,Alanah,Astie,aastie5l@storify.com,Female,Camimbo,10/01/1989,8207.24
203,Killie,Woodroofe,kwoodroofe5m@tumblr.com,Male,Chatterbridge,10/12/1991,9396.89
204,Ado,Bonsale,abonsale5n@google.cn,Male,Zoomlounge,28/02/1989,5389.38
205,Riannon,Wollacott,rwollacott5o@lulu.com,Female,Kazu,26/01/1990,11926.96
206,Gaspard,Thornebarrow,gthornebarrow5p@trellian.com,Male,Divape,08/01/1992,5221.55
207,Redford,Kiledal,rkiledal5q@umn.edu,Male,Thoughtstorm,26/07/1989,7563.58
208,Aile,Akester,aakester5r@google.de,Female,Quatz,12/04/1992,6693.82
209,Paige,Gronav,pgronav5s@shop-pro.jp,Female,Meembee,19/05/1990,7554.27
210,Riki,Wilkie,rwilkie5t@washington.edu,Female,Meembee,24/06/1991,9250.53
211,Kristofer,Cartmale,kcartmale5u@springer.com,Male,Shuffletag,14/10/1988,3677.14
212,Collette,Saing,csaing5v@sun.com,Female,Jabberstorm,08/07/1990,10233.14
213,Urbain,Blackhall,ublackhall5w@comsenz.com,Male,Topicstorm,05/01/1990,10748.33
214,Jo-anne,Shalcras,jshalcras5x@tmall.com,Female,Cogidoo,05/06/1990,10939.28
215,Friedrick,Pasterfield,fpasterfield5y@symantec.com,Male,Thoughtblab,07/05/1988,10700.89
216,Dominique,Stammirs,dstammirs5z@domainmarket.com,Female,Fiveclub,27/01/1988,9932.42
217,Frans,Kestian,fkestian60@trellian.com,Male,Topicblab,24/01/1991,5606.41
218,Heath,Davidovits,hdavidovits61@webmd.com,Male,Photobug,15/07/1988,4388.88
219,Carce,Berkelay,cberkelay62@wisc.edu,Male,Tazz,05/04/1990,11036.60
220,Pincas,Lohrensen,plohrensen63@wordpress.com,Male,Fivechat,06/09/1988,8632.85
221,Zebedee,Bernth,zbernth64@harvard.edu,Male,Tekfly,14/06/1988,6861.12
222,Georgette,Harewood,gharewood65@usatoday.com,Female,Rhynoodle,20/09/1991,6697.78
223,Elia,Ginglell,eginglell66@dagondesign.com,Male,Dablist,02/11/1990,11319.87
224,Eberhard,Arcase,earcase67@barnesandnoble.com,Male,Meeveo,21/12/1990,4687.35
225,Melvin,Cramp,mcramp68@hugedomains.com,Male,Quimm,23/04/1992,7549.31
226,Sloan,Mathivon,smathivon69@virginia.edu,Male,Lazzy,19/03/1988,4247.71
227,Nancey,Rebeiro,nrebeiro6a@indiatimes.com,Female,Dabjam,30/11/1990,5200.98
228,Eugenia,Jacks,ejacks6b@linkedin.com,Female,Thoughtworks,11/08/1990,6591.74
229,Tracy,Fransseni,tfransseni6c@aboutads.info,Female,Thoughtsphere,02/06/1988,5944.51
230,Ree,Macrow,rmacrow6d@so-net.ne.jp,Female,Feedspan,14/07/1990,11041.92
231,Lida,Godlonton,lgodlonton6e@cyberchimps.com,Female,Camimbo,25/05/1991,11524.93
232,Lise,Fiddy,lfiddy6f@ezinearticles.com,Female,Vipe,13/04/1992,5285.07
233,Millard,Badsworth,mbadsworth6g@themeforest.net,Male,Centimia,30/04/1988,6052.04
234,Sauveur,Blose,sblose6h@nationalgeographic.com,Male,Quire,12/11/1990,8145.50
235,Tonie,Elwyn,telwyn6i@myspace.com,Female,Zoomcast,05/12/1989,5304.64
236,Reagen,Heaysman,rheaysman6j@fc2.com,Male,Lazzy,05/01/1988,8074.89
237,Constantine,Gooden,cgooden6k@51.la,Male,Flashpoint,22/10/1991,6380.96
238,Kathie,Leavold,kleavold6l@pcworld.com,Female,Fadeo,21/09/1988,4660.45
239,Hyman,Colisbe,hcolisbe6m@time.com,Male,Demimbu,18/02/1991,8057.86
240,Siusan,Nanni,snanni6n@wix.com,Female,Skajo,10/08/1989,7941.97
241,Izzy,Lammertz,ilammertz6o@bing.com,Male,Oyoba,31/08/1991,11667.48
242,Britteny,Dowbiggin,bdowbiggin6p@people.com.cn,Female,Centizu,13/02/1988,8357.41
243,Kearney,O'Carroll,kocarroll6q@mail.ru,Male,Trilia,01/06/1989,4583.34
244,Kipp,McWhin,kmcwhin6r@webmd.com,Male,Bluezoom,04/10/1991,8967.33
245,Sky,Pickersail,spickersail6s@etsy.com,Male,Trilith,21/01/1988,6312.98
246,Forest,Gerbl,fgerbl6t@pen.io,Male,Rhyzio,23/01/1989,10217.67
247,Elinor,Birckmann,ebirckmann6u@reuters.com,Female,Topdrive,26/05/1988,7514.91
248,Leland,Verlander,lverlander6v@yale.edu,Male,Flashset,07/04/1992,3885.53
249,Cordie,Eymor,ceymor6w@nbcnews.com,Female,Yambee,05/11/1990,10150.85
250,Lizette,Banghe,lbanghe6x@e-recht24.de,Female,Thoughtmix,13/11/1991,3882.44
251,Grantley,Simoneschi,gsimoneschi6y@clickbank.net,Male,Edgepulse,22/02/1991,10058.20
252,Zsa zsa,Ricioppo,zricioppo6z@examiner.com,Female,Youopia,12/02/1990,11059.39
253,Yuma,Grigolashvill,ygrigolashvill70@telegraph.co.uk,Male,Yamia,08/06/1989,5872.09
254,Jozef,Lawtey,jlawtey71@goodreads.com,Male,Avamba,22/06/1988,9755.03
255,Dwain,Iannitti,diannitti72@npr.org,Male,Tekfly,30/12/1990,8064.91
256,Rich,Stalf,rstalf73@netlog.com,Male,Lajo,12/09/1990,9989.52
257,Pietrek,Peattie,ppeattie74@cbc.ca,Male,Mydeo,05/02/1989,9870.19
258,Reynolds,Brookbank,rbrookbank75@com.com,Male,Dabshots,22/09/1990,4937.22
259,Hermann,Isbell,hisbell76@blinklist.com,Male,Ainyx,07/04/1992,5498.74
260,Fayina,Cicco,fcicco77@usatoday.com,Female,Quatz,23/06/1989,10100.34
261,Jock,Hasker,jhasker78@fema.gov,Male,Cogidoo,10/11/1990,6409.36
262,Natasha,Milton,nmilton79@furl.net,Female,Vinder,01/10/1989,4987.12
263,Dennie,Fyrth,dfyrth7a@tmall.com,Male,Meetz,28/11/1991,8296.09
264,Sheffield,Dewfall,sdewfall7b@weibo.com,Male,Oba,26/02/1991,4954.78
265,Traver,Cove,tcove7c@nifty.com,Male,Skivee,27/04/1988,5019.56
266,Josiah,Steaning,jsteaning7d@mysql.com,Male,Skajo,13/10/1988,9142.07
267,Evvy,Warrell,ewarrell7e@google.fr,Female,Zoomzone,01/05/1992,5479.09
268,Callie,Dowsett,cdowsett7f@cafepress.com,Female,Yakijo,02/03/1990,10407.67
269,Liane,Martinelli,lmartinelli7g@soundcloud.com,Female,Demizz,15/06/1989,7112.60
270,Alana,Bauckham,abauckham7h@tmall.com,Female,Podcat,30/05/1991,9075.68
271,Melosa,Huke,mhuke7i@multiply.com,Female,Kazu,24/03/1989,7624.44
272,Mina,Beaty,mbeaty7j@mediafire.com,Female,Feednation,17/03/1992,9775.85
273,Page,Hyndson,phyndson7k@blogspot.com,Male,Devshare,25/11/1988,11923.84
274,Simmonds,Godwyn,sgodwyn7l@google.cn,Male,Oyoba,14/04/1989,6120.45
275,Neill,Skews,nskews7m@ocn.ne.jp,Male,Zava,12/10/1988,8937.22
276,Esra,McGill,emcgill7n@weibo.com,Male,Babbleset,19/04/1990,4041.92
277,Candis,Andreu,candreu7o@yahoo.com,Female,Skidoo,01/12/1988,3965.84
278,Torrance,Akast,takast7p@wired.com,Male,Eare,07/08/1990,9256.61
279,Lelia,Tant,ltant7q@berkeley.edu,Female,Trudeo,15/02/1990,3609.88
280,Pauline,Biers,pbiers7r@hatena.ne.jp,Female,Tagopia,01/03/1990,10711.68
281,Nalani,Huckerbe,nhuckerbe7s@examiner.com,Female,Livetube,18/08/1990,3775.23
282,Ingmar,Ridgeway,iridgeway7t@multiply.com,Male,Yata,24/04/1990,6090.82
283,Rosamond,Tenniswood,rtenniswood7u@archive.org,Female,Voonder,12/02/1990,9916.95
284,Mylo,Gwilliam,mgwilliam7v@rediff.com,Male,Ainyx,06/07/1991,4034.12
285,Gaby,Cogger,gcogger7w@psu.edu,Female,Kwideo,08/03/1991,6220.16
286,Clair,Dewen,cdewen7x@reddit.com,Female,Jaxnation,29/03/1991,5473.33
287,Chev,Font,cfont7y@si.edu,Male,Plambee,03/10/1989,5125.49
288,Elle,MacWhan,emacwhan7z@moonfruit.com,Female,Camimbo,09/04/1992,8871.22
289,Raff,Bruckental,rbruckental80@google.co.jp,Male,Twinte,11/02/1990,7603.59
290,Phillipe,Pierpoint,ppierpoint81@nih.gov,Male,BlogXS,19/12/1990,4278.22
291,Halsey,MacAnellye,hmacanellye82@samsung.com,Male,Yata,06/04/1988,10456.33
292,Maryjane,Coatham,mcoatham83@xing.com,Female,Quaxo,04/02/1989,4710.96
293,Mathian,Daniel,mdaniel84@bloglines.com,Male,Skibox,01/05/1991,4458.08
294,Sheree,Sherry,ssherry85@ow.ly,Female,Jetwire,16/03/1991,9093.61
295,Wade,Joinson,wjoinson86@g.co,Male,Zoomdog,12/12/1990,8874.04
296,Aaron,Barnaby,abarnaby87@pbs.org,Male,Omba,02/08/1988,8477.59
297,Herby,Kenyon,hkenyon88@dot.gov,Male,Jaloo,10/03/1990,8010.88
298,Tadio,Burstow,tburstow89@technorati.com,Male,Skimia,25/01/1991,6453.53
299,Freemon,Milesap,fmilesap8a@163.com,Male,Yakitri,19/08/1988,9959.64
300,Spenser,Darley,sdarley8b@wikimedia.org,Male,Wordify,23/03/1992,5078.90
301,Teodorico,Yaneev,tyaneev8c@gravatar.com,Male,Edgeblab,03/12/1989,8993.26
302,Meryl,Hathaway,mhathaway8d@npr.org,Female,Flashdog,22/11/1989,6959.59
303,Byran,Chittenden,bchittenden8e@hibu.com,Male,Divanoodle,27/03/1992,10051.80
304,Kenny,Pirri,kpirri8f@edublogs.org,Male,Tagfeed,23/02/1988,10227.42
305,Beverlie,Heathcott,bheathcott8g@plala.or.jp,Female,Zoomdog,16/02/1992,11956.49
306,Jocelyn,Bould,jbould8h@msn.com,Female,Realbuzz,01/10/1988,9955.57
307,Valene,Irlam,virlam8i@infoseek.co.jp,Female,Skajo,08/02/1992,8392.68
308,Davy,Franc,dfranc8j@g.co,Male,Tagopia,01/02/1991,4766.14
309,Carmelina,Bogue,cbogue8k@wordpress.org,Female,Wikizz,19/02/1991,11235.68
310,Mikey,Beswell,mbeswell8l@unicef.org,Male,Kwimbee,28/01/1991,6210.30
311,Dulcia,Pepis,dpepis8m@sfgate.com,Female,Gigabox,12/06/1990,9963.15
312,Odella,Mughal,omughal8n@miibeian.gov.cn,Female,DabZ,09/09/1989,11017.09
313,Tarrance,Mitcheson,tmitcheson8o@cisco.com,Male,Rooxo,21/06/1989,7883.50
314,Wait,Jacop,wjacop8p@ow.ly,Male,Eayo,09/09/1990,9046.81
315,Janis,Domenici,jdomenici8q@facebook.com,Female,Mybuzz,29/11/1990,11414.15
316,Nichol,Udden,nudden8r@google.com,Female,Thoughtsphere,24/02/1988,4068.73
317,Burt,Boyett,bboyett8s@jugem.jp,Male,Voolith,07/09/1990,9860.90
318,Lief,Lorrimer,llorrimer8t@google.fr,Male,Tagpad,08/06/1990,5116.83
319,Gretta,Frodsam,gfrodsam8u@dion.ne.jp,Female,Avamba,01/05/1991,4241.91
320,Jacki,Quant,jquant8v@tinypic.com,Female,Dabfeed,12/10/1991,4877.65
321,Levin,Shimmings,lshimmings8w@yelp.com,Male,Innojam,09/08/1988,8023.01
322,Dallis,Garrit,dgarrit8x@webs.com,Male,Camimbo,23/06/1990,8466.88
323,Tandi,Raddish,traddish8y@yahoo.com,Female,Talane,05/11/1991,7237.07
324,Kenny,Bastian,kbastian8z@vistaprint.com,Male,Wikido,23/05/1990,11961.67
325,Hy,Parlett,hparlett90@4shared.com,Male,Meetz,28/12/1988,5932.78
326,Zarah,Arrigo,zarrigo91@smh.com.au,Female,Eire,09/05/1989,4948.25
327,Gael,Dunkerton,gdunkerton92@blogtalkradio.com,Male,Fivechat,20/02/1992,9081.14
328,Athene,Capel,acapel93@deliciousdays.com,Female,Eidel,17/05/1988,7749.21
329,Job,Liddy,jliddy94@networksolutions.com,Male,Topicware,04/03/1988,5884.51
330,Greg,Berzen,gberzen95@boston.com,Male,Mita,20/06/1991,8914.30
331,Shelbi,Petroselli,spetroselli96@skyrock.com,Female,Oloo,02/09/1989,11924.05
332,Dew,Mielnik,dmielnik97@bluehost.com,Male,Realmix,08/11/1991,5745.07
333,Patsy,Endley,pendley98@si.edu,Female,Fliptune,27/02/1992,9093.74
334,Uriah,Whickman,uwhickman99@elpais.com,Male,Edgeclub,27/01/1989,8410.85
335,Lilla,Gaywood,lgaywood9a@theguardian.com,Female,Realcube,04/05/1990,8729.95
336,Malva,Carmody,mcarmody9b@tinypic.com,Female,Oyoba,01/06/1988,5116.37
337,Dur,Wasmer,dwasmer9c@globo.com,Male,Zoombox,24/06/1989,8683.82
338,Salomone,Chelam,schelam9d@dailymail.co.uk,Male,Devbug,21/01/1992,4537.56
339,Nichole,Bigley,nbigley9e@de.vu,Male,Cogilith,29/07/1989,8838.77
340,Arabelle,Breitling,abreitling9f@etsy.com,Female,Flipopia,03/01/1988,4078.07
341,Lizzie,D'Orsay,ldorsay9g@macromedia.com,Female,Meevee,01/04/1989,7446.41
342,Webster,Gisburn,wgisburn9h@free.fr,Male,Quinu,14/12/1991,7679.13
343,Kacy,Deshon,kdeshon9i@bandcamp.com,Female,Dabfeed,22/08/1989,6131.14
344,Yancy,Lefeuvre,ylefeuvre9j@zdnet.com,Male,Oyoba,14/03/1991,9563.02
345,Cy,Faull,cfaull9k@ning.com,Male,Eayo,02/03/1990,6759.98
346,Lilia,Ordidge,lordidge9l@europa.eu,Female,Centizu,05/01/1991,9087.37
347,Tulley,Cowitz,tcowitz9m@youtu.be,Male,Jabberstorm,19/01/1988,6319.51
348,Emmalynn,Rossbrook,erossbrook9n@about.me,Female,Oyondu,20/03/1990,4442.75
349,Sherill,Caruth,scaruth9o@yolasite.com,Female,Jabberstorm,23/04/1990,6855.36
350,Galven,Jodrelle,gjodrelle9p@yahoo.com,Male,Blognation,16/01/1989,7035.95
351,Saidee,Felkin,sfelkin9q@amazon.co.jp,Female,Gabtype,20/01/1989,4137.78
352,Noreen,Skone,nskone9r@aol.com,Female,Twimm,16/03/1992,9065.49
353,Teddy,Andrieu,tandrieu9s@washington.edu,Male,Edgewire,10/05/1991,6031.66
354,Nicholas,Cutchie,ncutchie9t@opensource.org,Male,Flipstorm,30/01/1991,10891.81
355,Drusilla,Shervil,dshervil9u@newsvine.com,Female,Wikizz,27/05/1990,9988.34
356,Karleen,Keneforde,kkeneforde9v@va.gov,Female,Edgeblab,02/07/1990,6351.95
357,Etta,Tardiff,etardiff9w@addthis.com,Female,Kanoodle,19/02/1989,10504.75
358,Filberto,Fonteyne,ffonteyne9x@census.gov,Male,Mynte,19/10/1989,5304.38
359,Paule,Lukehurst,plukehurst9y@squidoo.com,Female,Eire,05/06/1991,8532.65
360,Staford,Cloughton,scloughton9z@columbia.edu,Male,Gabvine,14/11/1988,6179.43
361,Humfrid,Grigori,hgrigoria0@weibo.com,Male,Flipopia,16/01/1988,10365.93
362,Ninnetta,Blewitt,nblewitta1@w3.org,Female,Topiczoom,11/07/1990,10198.00
363,Abramo,Dorre,adorrea2@ibm.com,Male,Zooxo,14/07/1990,11591.71
364,Berenice,Iacovaccio,biacovaccioa3@creativecommons.org,Female,Layo,17/06/1989,4281.13
365,Dawn,Bertson,dbertsona4@diigo.com,Female,Edgetag,28/07/1991,6887.39
366,Glenn,Curnow,gcurnowa5@1688.com,Male,Agivu,19/12/1989,9087.68
367,Ermengarde,Breeds,ebreedsa6@virginia.edu,Female,Tagchat,19/11/1990,6243.97
368,Roland,Veljes,rveljesa7@kickstarter.com,Male,Centimia,10/12/1990,11236.41
369,Harlen,Asplen,hasplena8@jugem.jp,Male,Quinu,11/07/1990,10649.16
370,Alard,Hawkett,ahawketta9@statcounter.com,Male,Twitterwire,06/06/1990,11171.52
371,Hagan,Bellinger,hbellingeraa@ucoz.ru,Male,Photospace,04/02/1991,5479.25
372,Pablo,Theobald,ptheobaldab@yellowpages.com,Male,Edgetag,21/06/1988,5497.93
373,Shepperd,Smallcombe,ssmallcombeac@ebay.com,Male,Skalith,29/09/1988,8420.93
374,Lidia,Brough,lbroughad@soundcloud.com,Female,Skyba,11/07/1988,8485.86
375,Cybill,Cokayne,ccokayneae@alexa.com,Female,Kimia,14/04/1992,11607.85
376,Pavel,Rolph,prolphaf@quantcast.com,Male,Lajo,23/10/1988,4605.36
377,Birk,Bonney,bbonneyag@nymag.com,Male,Eire,21/03/1992,7285.14
378,Wynny,Petrozzi,wpetrozziah@twitpic.com,Female,Topicstorm,04/03/1988,9320.18
379,Damian,Shard,dshardai@chicagotribune.com,Male,Kaymbo,12/03/1992,10557.43
380,Dougy,Riddington,driddingtonaj@joomla.org,Male,Feedmix,28/12/1989,6416.75
381,Dugald,Guilloux,dguillouxak@instagram.com,Male,Jabberbean,26/01/1988,11254.60
382,Valma,Flowers,vflowersal@slideshare.net,Female,Oyondu,18/01/1992,9619.23
383,Zaccaria,Craft,zcraftam@mlb.com,Male,Twitterworks,21/12/1990,9877.82
384,Cale,Bettaney,cbettaneyan@nydailynews.com,Male,Browsecat,13/03/1988,10113.93
385,Modestine,Dovey,mdoveyao@narod.ru,Female,Youtags,13/04/1989,5575.53
386,Berrie,Ortes,bortesap@tripod.com,Female,Teklist,01/02/1988,4490.46
387,Rasia,Fossick,rfossickaq@state.tx.us,Female,Avavee,14/04/1989,11940.36
388,Margaret,Cambell,mcambellar@sina.com.cn,Female,Feednation,05/05/1989,9464.85
389,Dulsea,Swift,dswiftas@huffingtonpost.com,Female,Vipe,10/11/1989,11255.10
390,Neall,Gillies,ngilliesat@theguardian.com,Male,Babblestorm,24/06/1990,11422.80
391,Eadith,Spurdens,espurdensau@last.fm,Female,Youbridge,03/02/1989,11917.68
392,Sukey,Broker,sbrokerav@aol.com,Female,Feedfire,17/01/1989,5019.76
393,Leonanie,Guillerman,lguillermanaw@multiply.com,Female,Einti,18/11/1990,4925.66
394,Kelwin,Coule,kcouleax@cargocollective.com,Male,Realbridge,29/03/1990,6624.49
395,Wildon,Tolson,wtolsonay@accuweather.com,Male,Roodel,09/01/1991,9750.20
396,Erl,Labden,elabdenaz@mozilla.org,Male,Fiveclub,27/11/1988,11846.57
397,Field,Poulson,fpoulsonb0@virginia.edu,Male,Skiptube,20/02/1992,7943.93
398,Carlotta,Roxbrough,croxbroughb1@google.it,Female,Yakidoo,03/12/1991,4804.36
399,Joe,Alder,jalderb2@merriam-webster.com,Male,Browsezoom,28/12/1989,9398.09
400,Cornelius,Eaves,ceavesb3@arizona.edu,Male,Quamba,14/03/1989,6187.30
401,Umberto,Luxon,uluxonb4@washington.edu,Male,Realbridge,15/02/1990,9598.42
402,Shanna,Brash,sbrashb5@utexas.edu,Female,Topicstorm,06/05/1989,8616.41
403,Fiona,Nottingham,fnottinghamb6@bigcartel.com,Female,Wikido,26/07/1990,10154.28
404,Paulita,Chittem,pchittemb7@google.com.br,Female,Realcube,11/03/1989,8249.81
405,Merla,Castro,mcastrob8@jugem.jp,Female,Skynoodle,09/03/1988,4385.01
406,Field,Bonnefin,fbonnefinb9@npr.org,Male,Skilith,06/08/1988,11162.03
407,Sada,Antonelli,santonelliba@msu.edu,Female,Skilith,24/12/1991,4598.81
408,Forester,Litterick,flitterickbb@hibu.com,Male,Gabtype,04/06/1991,7509.87
409,Rahal,O'Crevy,rocrevybc@mozilla.com,Female,Yodoo,17/06/1989,8401.29
410,Ferd,Cluer,fcluerbd@flavors.me,Male,Viva,09/01/1990,4319.43
411,Saree,Cripin,scripinbe@china.com.cn,Female,Dablist,10/08/1988,6263.21
412,Mellisa,Fust,mfustbf@joomla.org,Female,Dabshots,26/10/1988,9993.00
413,Ellis,Poff,epoffbg@issuu.com,Male,Zooxo,17/11/1990,10528.94
414,Billi,Prantl,bprantlbh@addtoany.com,Female,Geba,19/04/1991,4713.94
415,Ferrel,Channing,fchanningbi@nps.gov,Male,Twitterbridge,19/01/1992,9355.63
416,Aidan,Benezeit,abenezeitbj@netlog.com,Female,Roomm,07/07/1988,5300.55
417,Inge,Enocksson,ienockssonbk@wsj.com,Female,Dabtype,18/01/1989,7588.35
418,Horten,Casiroli,hcasirolibl@networksolutions.com,Male,Quimba,28/01/1989,4893.74
419,Sebastiano,Neath,sneathbm@usgs.gov,Male,Dablist,08/02/1988,6748.86
420,Laurella,Short,lshortbn@hc360.com,Female,Photofeed,07/01/1988,8745.87
421,Rubin,Cowoppe,rcowoppebo@ca.gov,Male,Chatterpoint,29/07/1989,11989.00
422,Gretel,Gauge,ggaugebp@t-online.de,Female,Plajo,20/09/1988,8560.20
423,Currey,Biddell,cbiddellbq@taobao.com,Male,Blognation,20/03/1992,9989.77
424,Trevor,Linfitt,tlinfittbr@is.gd,Male,Npath,23/08/1989,5180.23
425,Robert,Bodley,rbodleybs@miibeian.gov.cn,Male,Rooxo,16/11/1990,5296.48
426,Perice,McIntosh,pmcintoshbt@wordpress.org,Male,Quimba,11/11/1991,9307.60
427,Gary,Lazell,glazellbu@etsy.com,Male,Jabbertype,01/04/1988,6680.73
428,Shelly,Sangwin,ssangwinbv@webmd.com,Female,Edgewire,02/02/1988,6712.32
429,Querida,Antley,qantleybw@marketwatch.com,Female,Yodo,19/10/1989,8421.76
430,Beniamino,Bodker,bbodkerbx@cisco.com,Male,Tazzy,29/03/1990,10054.56
431,Meggi,Whales,mwhalesby@vinaora.com,Female,Photofeed,27/08/1988,11039.39
432,Caz,Cramb,ccrambbz@vinaora.com,Male,Skidoo,25/04/1991,4087.12
433,Lothario,Earie,leariec0@huffingtonpost.com,Male,Ainyx,09/05/1991,9202.09
434,Hesther,Lickess,hlickessc1@webs.com,Female,Twitterlist,21/11/1991,7651.05
435,Arlene,Domek,adomekc2@cnet.com,Female,Pixoboo,10/11/1990,4872.55
436,Marci,Asey,maseyc3@github.io,Female,Wikizz,14/05/1989,7369.73
437,Orelie,Emsley,oemsleyc4@biglobe.ne.jp,Female,Babbleset,12/02/1990,7727.78
438,Alidia,Allawy,aallawyc5@de.vu,Female,Meejo,13/04/1991,11090.61
439,Mallissa,Stirton,mstirtonc6@about.com,Female,Zoomdog,12/12/1989,8490.02
440,Benji,Scoates,bscoatesc7@odnoklassniki.ru,Male,Fiveclub,16/04/1990,7509.57
441,Konstantin,Dowding,kdowdingc8@privacy.gov.au,Male,Myworks,07/09/1990,9205.16
442,Reagen,Laise,rlaisec9@dedecms.com,Male,Myworks,23/06/1989,10247.76
443,Worden,Dawidsohn,wdawidsohnca@google.cn,Male,Bubbletube,12/06/1991,10875.76
444,Ralina,Twyning,rtwyningcb@jigsy.com,Female,Bubbletube,14/01/1991,11068.97
445,Ivonne,Immings,iimmingscc@cbc.ca,Female,Snaptags,28/01/1989,10980.36
446,Milty,Picken,mpickencd@linkedin.com,Male,Gabtune,08/07/1989,4146.51
447,Mordy,Labbe,mlabbece@scribd.com,Male,Muxo,01/04/1988,5573.05
448,Nancy,Dignall,ndignallcf@abc.net.au,Female,Devcast,13/02/1992,5113.26
449,Mela,Vondrasek,mvondrasekcg@ustream.tv,Female,Gevee,20/07/1991,7323.18
450,Dierdre,Timeby,dtimebych@google.fr,Female,Dabfeed,18/09/1990,10333.55
451,Lynnell,Glazier,lglazierci@amazon.de,Female,Dablist,21/05/1988,6700.01
452,Amity,Truter,atrutercj@timesonline.co.uk,Female,Browsedrive,29/12/1988,8747.21
453,Ruy,McTrustrie,rmctrustrieck@gnu.org,Male,Quinu,04/11/1990,4494.37
454,Hyacinthe,Leeds,hleedscl@newsvine.com,Female,Realcube,12/02/1990,9404.43
455,Garrard,Hue,ghuecm@patch.com,Male,Browsetype,18/02/1989,8054.66
456,Eyde,Yapp,eyappcn@mlb.com,Female,Teklist,06/05/1988,10424.98
457,Hunt,Hinze,hhinzeco@umn.edu,Male,Twitterbeat,17/11/1989,8899.55
458,Odette,Hellwig,ohellwigcp@newsvine.com,Female,Lazz,04/01/1990,11386.73
459,Donelle,Pirie,dpiriecq@who.int,Female,Reallinks,21/07/1991,5309.12
460,York,Loadwick,yloadwickcr@marketwatch.com,Male,Flashdog,25/05/1988,10984.77
461,Sheelagh,Elmore,selmorecs@cornell.edu,Female,Oyope,12/02/1989,8340.96
462,Melitta,Coling,mcolingct@cafepress.com,Female,Ainyx,16/12/1988,3896.57
463,Gerome,Gemnett,ggemnettcu@exblog.jp,Male,Skibox,19/07/1990,4610.68
464,Karel,Vinten,kvintencv@bbc.co.uk,Male,Demivee,04/11/1990,9444.28
465,Trudy,Atthow,tatthowcw@discovery.com,Female,Dynabox,14/02/1992,5768.76
466,Catherine,Pinniger,cpinnigercx@nytimes.com,Female,Eimbee,18/01/1992,8852.42
467,Courtney,Hacaud,chacaudcy@sohu.com,Female,Quire,31/10/1991,5239.22
468,Devinne,Tott,dtottcz@moonfruit.com,Female,Twitterbridge,23/10/1989,3784.08
469,Angel,Hassey,ahasseyd0@desdev.cn,Female,Flipopia,11/08/1990,8851.53
470,Clim,Kemm,ckemmd1@youtu.be,Male,Thoughtstorm,04/04/1988,3756.47
471,Eziechiele,Castellet,ecastelletd2@chronoengine.com,Male,Topiczoom,30/06/1991,10165.86
472,Aurlie,Riquet,ariquetd3@fotki.com,Female,Zooveo,24/07/1988,5308.40
473,Aubine,Saunders,asaundersd4@ning.com,Female,Bubblemix,11/07/1990,4917.93
474,Willabella,Hymor,whymord5@a8.net,Female,Pixonyx,17/05/1991,9189.09
475,Lola,Shrive,lshrived6@cbc.ca,Female,Tagpad,21/08/1990,8785.01
476,Nataniel,Colegate,ncolegated7@clickbank.net,Male,Vitz,04/11/1991,3660.15
477,Elladine,Gossop,egossopd8@state.gov,Female,Gevee,06/08/1991,4869.45
478,Piggy,Willas,pwillasd9@seesaa.net,Male,Pixonyx,11/06/1989,7941.34
479,Consuela,Cesconi,ccesconida@vk.com,Female,Gigaclub,31/08/1988,7395.56
480,Prinz,Cammomile,pcammomiledb@soundcloud.com,Male,Flashspan,01/12/1988,10034.16
481,Werner,Matas,wmatasdc@imdb.com,Male,Jatri,14/03/1989,11720.82
482,Colin,Heffer,chefferdd@yahoo.co.jp,Male,Jabbercube,24/08/1991,11104.21
483,Rex,Ezele,rezelede@nature.com,Male,Demivee,31/12/1989,10721.73
484,Welch,Coultass,wcoultassdf@spiegel.de,Male,Dynava,09/06/1990,8329.66
485,Desdemona,Kollach,dkollachdg@columbia.edu,Female,Dynabox,13/02/1990,3963.65
486,Chaunce,Bramwell,cbramwelldh@edublogs.org,Male,Thoughtblab,16/10/1988,4514.61
487,Kris,Mereweather,kmereweatherdi@woothemes.com,Male,Brainbox,26/08/1990,5222.94
488,Luciano,Cristoforo,lcristoforodj@imdb.com,Male,Youspan,07/07/1991,7802.25
489,Loreen,Hallitt,lhallittdk@gnu.org,Female,Flipbug,07/10/1989,7794.74
490,Laughton,Passy,lpassydl@wisc.edu,Male,Skivee,22/02/1992,10299.53
491,Sumner,Stilwell,sstilwelldm@lycos.com,Male,Yozio,10/03/1988,8441.89
492,Ahmed,Wybron,awybrondn@amazon.co.jp,Male,Realbuzz,04/10/1988,7616.48
493,Camilla,Margach,cmargachdo@amazon.co.jp,Female,Dabshots,12/04/1988,6228.07
494,Barron,Tanser,btanserdp@digg.com,Male,Dynazzy,21/03/1992,5827.76
495,Wallie,Prop,wpropdq@gnu.org,Female,Riffpath,14/07/1991,11086.18
496,Druci,Sircomb,dsircombdr@ifeng.com,Female,Feedfire,05/06/1990,11740.95
497,Rivalee,Richardin,rrichardinds@prlog.org,Female,Tavu,16/10/1990,4007.15
498,Bradford,Kiehne,bkiehnedt@jugem.jp,Male,Fatz,17/01/1991,8949.47
499,Bondie,Spain-Gower,bspaingowerdu@macromedia.com,Male,Janyx,25/05/1988,4136.38
500,Dorette,Chin,dchindv@slashdot.org,Female,Chatterpoint,05/07/1990,7343.52
501,Irita,Borkin,iborkindw@instagram.com,Female,Camimbo,09/12/1989,5670.99
502,Merill,Kolushev,mkolushevdx@vk.com,Male,Linkbuzz,09/04/1989,11356.45
503,Pennie,Stradling,pstradlingdy@nhs.uk,Male,Linkbridge,15/02/1989,4122.51
504,Nevsa,Fawdrie,nfawdriedz@bravesites.com,Female,Vipe,06/05/1988,5974.78
505,Lucy,Marchington,lmarchingtone0@mediafire.com,Female,Youbridge,23/07/1990,7145.97
506,Web,Snodden,wsnoddene1@bigcartel.com,Male,Miboo,24/01/1988,4188.46
507,Debera,Sea,dseae2@blogs.com,Female,Flashpoint,11/11/1991,11931.20
508,Moishe,Brill,mbrille3@seesaa.net,Male,Lazzy,09/02/1988,8991.50
509,Arleen,Van der Baaren,avanderbaarene4@squarespace.com,Female,Livetube,15/01/1989,6981.46
510,Ilaire,Riseley,iriseleye5@newyorker.com,Male,Skiba,30/11/1990,5433.10
511,Philipa,Farlambe,pfarlambee6@foxnews.com,Female,Meemm,01/07/1988,10558.33
512,Simeon,Featherstonhaugh,sfeatherstonhaughe7@java.com,Male,Fiveclub,17/05/1989,6872.83
513,Pamella,Holstein,pholsteine8@google.es,Female,Jabbersphere,28/03/1989,3716.91
514,Dare,Kynforth,dkynforthe9@typepad.com,Male,Fatz,16/03/1991,11075.24
515,Michaeline,Cockrell,mcockrellea@wp.com,Female,Muxo,06/06/1990,3885.02
516,Quintus,Causnett,qcausnetteb@shop-pro.jp,Male,Feedbug,02/07/1988,6106.35
517,Perrine,Maisey,pmaiseyec@bloomberg.com,Female,Bubblebox,16/01/1991,8826.57
518,Ogdon,Proffer,oproffered@npr.org,Male,Gabspot,31/01/1989,8898.53
519,Willyt,Willman,wwillmanee@nps.gov,Female,Bluezoom,20/04/1991,10871.01
520,Etheline,McIvor,emcivoref@latimes.com,Female,Rhynoodle,14/10/1988,10378.46
521,Llywellyn,Vines,lvineseg@meetup.com,Male,Kare,26/11/1991,10635.87
522,Levon,Ealden,lealdeneh@yolasite.com,Male,Browseblab,22/09/1990,9265.19
523,Brad,Olczak,bolczakei@163.com,Male,Avamba,01/03/1992,7684.77
524,Hinda,Anyene,hanyeneej@mail.ru,Female,Photobug,02/03/1991,3771.26
525,Sheff,Nicholson,snicholsonek@spiegel.de,Male,Kwideo,02/10/1990,11203.96
526,Prentiss,Po,ppoel@ocn.ne.jp,Male,Livetube,18/05/1991,10470.30
527,Amelina,Glowacha,aglowachaem@pagesperso-orange.fr,Female,Avaveo,28/10/1991,4338.07
528,Wes,Gravells,wgravellsen@google.it,Male,Flipstorm,18/07/1990,8619.71
529,Alberta,Vallance,avallanceeo@fotki.com,Female,Browsetype,10/09/1989,9608.67
530,Marijn,Flexman,mflexmanep@seattletimes.com,Male,Linklinks,11/02/1989,7325.69
531,Roscoe,Ballston,rballstoneq@odnoklassniki.ru,Male,Buzzster,11/10/1988,5969.24
532,Ed,Metson,emetsoner@yolasite.com,Male,DabZ,29/09/1988,3664.60
533,Lay,Hanscom,lhanscomes@gizmodo.com,Male,Twitterworks,25/06/1990,8082.30
534,Justino,Yakobowitz,jyakobowitzet@baidu.com,Male,Tagpad,16/03/1991,11014.79
535,Karlens,Mahaddy,kmahaddyeu@sbwire.com,Male,Linklinks,05/11/1990,5066.21
536,Floyd,Lille,flilleev@tumblr.com,Male,JumpXS,04/04/1990,3593.73
537,Glyn,Fanthom,gfanthomew@1und1.de,Female,Quatz,24/09/1990,4692.68
538,Erastus,Rivaland,erivalandex@prweb.com,Male,Kwinu,11/05/1989,5918.69
539,Alejandra,Brockington,abrockingtoney@twitpic.com,Female,Pixope,03/01/1990,4697.52
540,Jarrod,Batiste,jbatisteez@php.net,Male,Twitterwire,10/11/1989,6247.61
541,Gerti,Eastbury,geastburyf0@ucoz.com,Female,Aibox,05/11/1991,11314.42
542,Beth,Scowcraft,bscowcraftf1@squarespace.com,Female,Topiczoom,05/09/1990,4903.53
543,Tammie,Myatt,tmyattf2@gnu.org,Female,Roombo,09/06/1989,8103.74
544,Fernanda,Screach,fscreachf3@nifty.com,Female,Skynoodle,07/07/1990,8235.16
545,Abigael,Macey,amaceyf4@yandex.ru,Female,Tagopia,11/02/1988,8019.66
546,Amalea,Redwood,aredwoodf5@nature.com,Female,Ainyx,07/09/1991,4478.44
547,Alejoa,Gildroy,agildroyf6@gizmodo.com,Male,Buzzbean,21/04/1990,7523.33
548,Patricio,Hanniger,phannigerf7@bluehost.com,Male,Oozz,25/08/1990,5594.66
549,Thomasina,Bettinson,tbettinsonf8@typepad.com,Female,Trudeo,28/07/1988,6881.68
550,Barney,Twinning,btwinningf9@mysql.com,Male,Yodel,04/10/1988,4156.11
551,Gaylene,Huckleby,ghucklebyfa@flavors.me,Female,Demimbu,13/02/1989,10673.65
552,Logan,Vel,lvelfb@slate.com,Male,Dabtype,23/01/1991,11392.85
553,Justus,Newdick,jnewdickfc@si.edu,Male,Rhybox,09/07/1990,6905.55
554,Evonne,Godley,egodleyfd@bloglovin.com,Female,Skyble,11/03/1988,8839.23
555,Felicdad,Kindley,fkindleyfe@cyberchimps.com,Female,Quamba,27/02/1988,10882.68
556,Pavia,Folini,pfoliniff@smugmug.com,Female,Quinu,21/12/1989,5167.81
557,Kent,Bayle,kbaylefg@mysql.com,Male,Shuffledrive,11/05/1988,10595.00
558,Giraud,McGettigan,gmcgettiganfh@vk.com,Male,Youbridge,20/04/1992,11076.49
559,Carolin,Steinor,csteinorfi@army.mil,Female,Jaxbean,27/10/1989,7131.85
560,Fredi,Haruard,fharuardfj@elegantthemes.com,Female,Pixonyx,04/07/1989,10224.12
561,Tommy,Valance,tvalancefk@arizona.edu,Male,Babbleset,24/06/1988,6835.04
562,Corena,Bynert,cbynertfl@bigcartel.com,Female,Topicblab,13/10/1988,8256.37
563,Deva,Meadowcraft,dmeadowcraftfm@e-recht24.de,Female,Devshare,14/12/1990,7940.34
564,Farlie,Willbond,fwillbondfn@google.es,Male,Dabfeed,07/10/1988,10089.73
565,Laney,Frankema,lfrankemafo@artisteer.com,Male,Vitz,31/05/1988,6280.30
566,Vittorio,Horrell,vhorrellfp@tinypic.com,Male,Abatz,04/05/1989,11482.67
567,Marline,Kunat,mkunatfq@japanpost.jp,Female,Jabbercube,08/11/1990,5173.25
568,Fletcher,Bednall,fbednallfr@purevolume.com,Male,Twitterlist,11/07/1990,8089.72
569,Chaim,Cogle,ccoglefs@salon.com,Male,Yotz,08/03/1991,3694.72
570,Johannes,Mylchreest,jmylchreestft@kickstarter.com,Male,Yodel,07/02/1990,6449.17
571,Tanny,Coste,tcostefu@quantcast.com,Male,Realfire,04/08/1989,5595.85
572,Bancroft,Armal,barmalfv@soundcloud.com,Male,Youspan,31/07/1990,9824.38
573,Jodie,Pember,jpemberfw@google.ru,Female,Dabjam,28/01/1989,5045.27
574,Gaynor,Caldayrou,gcaldayroufx@reuters.com,Female,Bluejam,12/09/1989,6733.82
575,Ammamaria,Deeman,adeemanfy@google.ru,Female,Babbleopia,28/02/1989,9770.75
576,Neale,Dale,ndalefz@cornell.edu,Male,Oba,12/09/1991,10026.03
577,Wilden,Chimenti,wchimentig0@gnu.org,Male,Thoughtstorm,19/01/1990,10316.75
578,Bronny,Durram,bdurramg1@shutterfly.com,Male,Kwideo,16/02/1989,7522.07
579,Worthy,Gallandre,wgallandreg2@mac.com,Male,Brainbox,18/03/1990,8132.80
580,Tawsha,Vieyra,tvieyrag3@t.co,Female,Realblab,14/04/1991,7254.02
581,Maddy,Saxon,msaxong4@usa.gov,Male,Jabbercube,01/05/1992,10281.34
582,Marylin,Krebs,mkrebsg5@creativecommons.org,Female,Oba,08/10/1991,8813.34
583,Marlo,Pruckner,mprucknerg6@constantcontact.com,Female,Trilith,22/02/1989,4098.37
584,Sanford,Sankey,ssankeyg7@dailymail.co.uk,Male,Twimm,18/10/1989,10694.44
585,Georas,Audibert,gaudibertg8@w3.org,Male,Topicware,03/05/1989,3756.90
586,Gusty,Paggitt,gpaggittg9@wikispaces.com,Female,Gabcube,13/08/1988,9274.82
587,Alice,Britton,abrittonga@google.it,Female,Wordware,21/11/1989,10578.39
588,Magdalene,Penwright,mpenwrightgb@answers.com,Female,Eare,27/10/1989,4739.54
589,Cynthie,Iiannone,ciiannonegc@examiner.com,Female,Vinte,30/01/1992,11475.73
590,Waldo,Hancock,whancockgd@cnet.com,Male,Eare,06/10/1989,9715.63
591,Kariotta,Denning,kdenningge@prlog.org,Female,Youopia,11/12/1990,11931.88
592,Gwyneth,Stoite,gstoitegf@boston.com,Female,Photobug,11/02/1988,5726.25
593,Kris,Meysham,kmeyshamgg@a8.net,Female,Ntag,17/09/1989,11174.51
594,Guinna,Stubbings,gstubbingsgh@trellian.com,Female,Realpoint,19/07/1991,11893.13
595,Hynda,Duxbarry,hduxbarrygi@godaddy.com,Female,Pixoboo,23/04/1992,3835.15
596,Monroe,Willson,mwillsongj@bbc.co.uk,Male,Thoughtbridge,01/12/1989,6715.85
597,Myrilla,Heymann,mheymanngk@si.edu,Female,Jatri,15/02/1988,7127.77
598,Kimberlyn,Spaven,kspavengl@howstuffworks.com,Female,Avaveo,18/09/1991,9817.07
599,Russell,Duchenne,rduchennegm@marriott.com,Male,Skyndu,24/01/1991,7590.40
600,Cody,Bonelle,cbonellegn@wordpress.org,Male,Jayo,31/08/1990,6126.22
601,Joelly,Moger,jmogergo@mediafire.com,Female,Rhyloo,16/09/1990,11649.71
602,Jerome,Clover,jclovergp@hostgator.com,Male,Devpulse,06/10/1991,4932.56
603,Beryle,Decruse,bdecrusegq@usda.gov,Female,Skilith,30/05/1988,3970.39
604,Glen,Struther,gstruthergr@digg.com,Male,Photobean,25/10/1991,8175.91
605,Kalina,Lovatt,klovattgs@amazon.com,Female,Yozio,18/05/1991,11801.15
606,Ange,Veare,avearegt@reddit.com,Male,Minyx,13/09/1990,3836.04
607,Aili,Caberas,acaberasgu@slashdot.org,Female,Eabox,30/01/1990,4312.76
608,Barbee,Sergent,bsergentgv@whitehouse.gov,Female,Jayo,01/09/1989,5400.96
609,Jaquelin,Hincks,jhincksgw@mediafire.com,Female,Zoomdog,23/09/1988,6237.42
610,Eduard,Brassington,ebrassingtongx@sourceforge.net,Male,Kanoodle,07/08/1989,7299.90
611,Winny,Mouget,wmougetgy@usa.gov,Male,Twitterbeat,27/11/1990,7061.47
612,Madelle,Sillis,msillisgz@loc.gov,Female,Yakitri,01/09/1988,7120.05
613,Lenette,Leggs,lleggsh0@unesco.org,Female,Zoomcast,29/09/1991,9017.83
614,Tabbatha,Balcock,tbalcockh1@smugmug.com,Female,Dabfeed,13/10/1988,9079.07
615,Yves,Hanley,yhanleyh2@yale.edu,Male,Dabvine,18/04/1991,6773.93
616,Annnora,Brozek,abrozekh3@indiegogo.com,Female,Meembee,22/11/1991,4904.30
617,Avery,Mattacks,amattacksh4@marketwatch.com,Male,Ozu,27/09/1988,6418.04
618,Cicely,Pimmocke,cpimmockeh5@scientificamerican.com,Female,Reallinks,23/05/1989,5528.89
619,Brant,Cardus,bcardush6@spiegel.de,Male,Centizu,30/08/1991,6900.89
620,Ronalda,Gapper,rgapperh7@sakura.ne.jp,Female,Tagcat,14/12/1991,7949.16
621,Dimitry,Summerell,dsummerellh8@photobucket.com,Male,Eare,22/04/1990,3513.71
622,Hermon,Essery,hesseryh9@unesco.org,Male,Feednation,06/04/1989,9295.48
623,Cathy,Gauntlett,cgauntlettha@bbb.org,Female,Ailane,19/11/1991,9210.47
624,Brittney,Duffield,bduffieldhb@gmpg.org,Female,Twinte,28/07/1991,9003.69
625,Tally,Gioan,tgioanhc@google.ca,Female,Voolith,16/07/1989,7741.48
626,Kate,Enoch,kenochhd@state.gov,Female,Wordtune,12/10/1989,5001.16
627,Troy,Aberdein,taberdeinhe@yandex.ru,Male,Realbuzz,14/10/1990,11965.60
628,Sumner,Vannah,svannahhf@cyberchimps.com,Male,Zoonder,28/02/1992,3715.51
629,Lisbeth,Bartkowiak,lbartkowiakhg@google.it,Female,Jayo,06/10/1991,5321.78
630,Kissie,Wagerfield,kwagerfieldhh@usnews.com,Female,Gigashots,01/07/1989,3882.33
631,Silvanus,Andrini,sandrinihi@friendfeed.com,Male,Babblestorm,01/12/1988,11676.82
632,Bili,Asquith,basquithhj@va.gov,Female,Thoughtstorm,02/02/1988,7907.26
633,Shoshanna,Waren,swarenhk@desdev.cn,Female,Zoomzone,19/07/1988,9643.78
634,Carlin,Arondel,carondelhl@xrea.com,Female,Myworks,18/06/1990,11895.97
635,Rasia,Hallewell,rhallewellhm@fastcompany.com,Female,Dabfeed,07/06/1989,6040.79
636,Dorie,Kuban,dkubanhn@japanpost.jp,Male,Twitterworks,18/07/1988,9738.37
637,Bendicty,Bachelar,bbachelarho@hc360.com,Male,Fadeo,12/10/1988,9399.30
638,Aline,Knevett,aknevetthp@dagondesign.com,Female,Rhynyx,18/06/1991,5458.44
639,Carlos,Denisovo,cdenisovohq@stanford.edu,Male,Fivebridge,13/02/1989,11254.87
640,Bernita,Aldham,baldhamhr@bing.com,Female,Skinix,09/04/1990,9014.07
641,Sophie,Hargrave,shargravehs@freewebs.com,Female,Skimia,20/10/1989,6223.19
642,Brent,Rosie,brosieht@ihg.com,Male,Jaxspan,16/04/1991,3618.85
643,Nyssa,Luparti,nlupartihu@disqus.com,Female,Meejo,12/07/1988,4667.56
644,Jacqueline,Caruth,jcaruthhv@360.cn,Female,Photospace,08/03/1989,4879.02
645,Rolland,Markovic,rmarkovichw@rakuten.co.jp,Male,Kwilith,05/03/1992,7098.14
646,Gertrude,Bursnell,gbursnellhx@usda.gov,Female,Youtags,22/08/1988,10147.38
647,Kip,Kytter,kkytterhy@webs.com,Male,Mymm,02/04/1989,3967.25
648,Ashlan,Fratczak,afratczakhz@de.vu,Female,Ooba,08/04/1992,8770.26
649,Elysha,Rosenau,erosenaui0@smh.com.au,Female,Oyondu,28/06/1988,11218.60
650,Lucienne,Syne,lsynei1@cloudflare.com,Female,Linktype,22/03/1992,11016.98
651,Andromache,Goodere,agooderei2@behance.net,Female,Eimbee,27/06/1991,6448.87
652,Aharon,Durban,adurbani3@weibo.com,Male,Yodel,27/01/1992,11992.74
653,Che,Tutton,ctuttoni4@woothemes.com,Male,Linkbridge,19/11/1991,9937.69
654,Trefor,Kalewe,tkalewei5@360.cn,Male,Realcube,20/01/1988,11522.21
655,Antons,Ciciura,aciciurai6@ucoz.ru,Male,Geba,04/09/1991,5340.47
656,Mechelle,Castilla,mcastillai7@instagram.com,Female,Jetpulse,23/10/1989,7568.51
657,Agna,McNeish,amcneishi8@dyndns.org,Female,Divanoodle,28/02/1988,6840.86
658,Trumann,Kinnin,tkinnini9@soundcloud.com,Male,Innotype,29/05/1990,6273.50
659,Codi,Kintzel,ckintzelia@forbes.com,Female,Meetz,14/04/1988,8072.95
660,Norma,Matis,nmatisib@redcross.org,Female,Edgeify,08/03/1990,9571.74
661,Austen,Keyzman,akeyzmanic@sogou.com,Male,Skippad,30/08/1990,7166.39
662,Fawne,Sparling,fsparlingid@ox.ac.uk,Female,Linkbuzz,29/03/1989,11076.77
663,Dannie,Maulin,dmaulinie@usgs.gov,Male,Vidoo,27/01/1988,10792.05
664,Inessa,Curtois,icurtoisif@issuu.com,Female,Oba,24/12/1990,6951.35
665,Lona,Proschke,lproschkeig@harvard.edu,Female,Topicblab,27/01/1989,10576.00
666,Giana,Puckham,gpuckhamih@creativecommons.org,Female,Demizz,20/11/1988,5751.10
667,Rubina,McDuff,rmcduffii@wordpress.com,Female,Agivu,10/05/1989,6707.98
668,Urson,Gogan,ugoganij@hugedomains.com,Male,Izio,11/07/1988,5868.04
669,Lelah,Freckingham,lfreckinghamik@hexun.com,Female,Leenti,06/06/1988,5781.96
670,Jim,Yude,jyudeil@xing.com,Male,Realcube,25/05/1989,10549.94
671,Billie,Muston,bmustonim@cbslocal.com,Male,Flashspan,07/07/1991,4648.62
672,Nester,Moyes,nmoyesin@opensource.org,Male,Voonder,09/04/1991,4408.90
673,Filberte,Charville,fcharvilleio@sitemeter.com,Male,Feedspan,01/07/1988,6681.17
674,Adoree,Duckers,aduckersip@home.pl,Female,Agimba,20/11/1989,4576.14
675,Dana,Bounde,dboundeiq@tiny.cc,Male,Livefish,11/03/1989,6726.73
676,Augy,Brose,abroseir@creativecommons.org,Male,Quire,09/12/1989,7905.15
677,Elli,Dawdary,edawdaryis@answers.com,Female,Gabtune,23/08/1990,9575.05
678,Jasper,Bidewell,jbidewellit@sciencedaily.com,Male,Ainyx,13/11/1991,3679.28
679,Abigail,Coultish,acoultishiu@bloomberg.com,Female,Tanoodle,24/09/1991,11351.65
680,Bancroft,Berthelmot,bberthelmotiv@ocn.ne.jp,Male,Reallinks,07/02/1992,11355.55
681,Eleanora,Mabbutt,emabbuttiw@salon.com,Female,Gabspot,01/02/1991,7072.11
682,Elijah,Buggs,ebuggsix@woothemes.com,Male,Wikibox,15/02/1990,6160.83
683,Domenic,Cleere,dcleereiy@alibaba.com,Male,Kazio,30/11/1991,5996.91
684,Den,Ficken,dfickeniz@icq.com,Male,Trilith,03/09/1991,5463.77
685,Burk,Tailour,btailourj0@1und1.de,Male,Dabshots,31/07/1990,9217.54
686,Cammi,McCurley,cmccurleyj1@hugedomains.com,Female,Twitterworks,20/11/1988,5659.93
687,Tully,Baumaier,tbaumaierj2@bing.com,Male,Twinder,06/07/1991,11691.33
688,Malva,Fincham,mfinchamj3@e-recht24.de,Female,Meezzy,01/07/1988,8017.54
689,Babbie,Fenning,bfenningj4@imageshack.us,Female,Yamia,13/08/1989,6231.38
690,Marilin,Skokoe,mskokoej5@pinterest.com,Female,Katz,11/07/1988,8289.09
691,Benji,Harbertson,bharbertsonj6@addthis.com,Male,Viva,01/06/1989,6345.25
692,Nikolai,Jeckells,njeckellsj7@mapquest.com,Male,Yombu,10/07/1991,6839.37
693,Alejoa,Davydochkin,adavydochkinj8@howstuffworks.com,Male,Skyba,31/03/1989,9630.03
694,Dawna,Townrow,dtownrowj9@zdnet.com,Female,Browsezoom,08/12/1989,7575.35
695,Vic,Baccus,vbaccusja@dell.com,Male,Ooba,01/08/1988,4522.01
696,Galven,Grinin,ggrininjb@last.fm,Male,Livepath,13/04/1989,8036.86
697,Uriah,Dudek,ududekjc@rambler.ru,Male,Realpoint,20/04/1991,6474.09
698,Ranice,Pavlenkov,rpavlenkovjd@cnbc.com,Female,Wordpedia,09/11/1990,4566.33
699,Zacherie,Woodgate,zwoodgateje@indiatimes.com,Male,Meejo,24/02/1992,9479.15
700,Darcee,Cheetham,dcheethamjf@adobe.com,Female,Blognation,03/09/1991,9448.71
701,Jonis,Humblestone,jhumblestonejg@kickstarter.com,Female,Thoughtbeat,08/09/1988,11210.67
702,Cody,Kinkaid,ckinkaidjh@acquirethisname.com,Male,Yakidoo,25/03/1990,5932.94
703,Christa,Osman,cosmanji@toplist.cz,Female,Babblestorm,15/04/1988,6224.69
704,Gannie,Bywater,gbywaterjj@statcounter.com,Male,Trudoo,25/02/1991,8587.76
705,Hedwig,Wanjek,hwanjekjk@blinklist.com,Female,Aimbu,16/02/1990,8231.84
706,Alexine,Screase,ascreasejl@ucla.edu,Female,Voomm,10/05/1991,7318.51
707,Maressa,Kubicka,mkubickajm@webeden.co.uk,Female,Meezzy,20/09/1991,4449.11
708,Pasquale,Shemelt,pshemeltjn@addtoany.com,Male,Flashdog,22/02/1989,9230.21
709,Burlie,D'Arrigo,bdarrigojo@rakuten.co.jp,Male,Feedfire,21/05/1990,6673.81
710,Howie,Rosendahl,hrosendahljp@webmd.com,Male,Bluejam,14/05/1988,10670.67
711,Jayme,Gitthouse,jgitthousejq@163.com,Female,Tanoodle,04/06/1990,8984.87
712,Burl,Lydden,blyddenjr@foxnews.com,Male,Jayo,21/01/1992,7686.74
713,Desirae,Giddons,dgiddonsjs@cbslocal.com,Female,Innotype,02/05/1992,9231.96
714,Jaclyn,Parram,jparramjt@amazon.com,Female,Flipstorm,16/05/1990,10793.11
715,Timmy,Willimont,twillimontju@uol.com.br,Female,Dynabox,21/04/1992,9668.21
716,Royal,Luthwood,rluthwoodjv@netlog.com,Male,Devcast,23/11/1989,6096.53
717,Bernita,Fontin,bfontinjw@dion.ne.jp,Female,Agivu,12/01/1989,10647.24
718,Kelsey,Orpin,korpinjx@edublogs.org,Female,Shuffletag,07/02/1990,4120.74
719,Yehudi,Regis,yregisjy@usgs.gov,Male,Gabtune,14/04/1988,7175.37
720,Gustavus,Marusic,gmarusicjz@i2i.jp,Male,Gabtype,13/06/1989,8023.49
721,Wash,Pentelow,wpentelowk0@booking.com,Male,Kazio,07/01/1991,8456.29
722,Jule,Redgewell,jredgewellk1@baidu.com,Male,Thoughtstorm,19/04/1989,11712.24
723,Angelia,Dudney,adudneyk2@examiner.com,Female,Babblestorm,24/11/1989,9617.11
724,Arv,Arrundale,aarrundalek3@ucla.edu,Male,Skyndu,10/03/1989,7223.18
725,Lek,Lafontaine,llafontainek4@altervista.org,Male,Browsetype,22/06/1990,11308.67
726,Kacy,McKerrow,kmckerrowk5@nydailynews.com,Female,Demivee,04/08/1990,3573.17
727,Bradan,Leuren,bleurenk6@vinaora.com,Male,Rhybox,23/08/1991,7748.78
728,Hewett,Kingett,hkingettk7@wired.com,Male,Minyx,29/06/1990,8953.03
729,Tildi,Scorthorne,tscorthornek8@wp.com,Female,Skajo,02/03/1991,5252.52
730,Hillary,Lantuffe,hlantuffek9@typepad.com,Male,Avamm,15/03/1992,11488.91
731,Lazaro,Gommey,lgommeyka@chron.com,Male,Linkbridge,27/04/1992,5184.91
732,Scotti,Ackerley,sackerleykb@prnewswire.com,Male,Tanoodle,24/01/1988,8088.69
733,Carey,Dmitrievski,cdmitrievskikc@indiatimes.com,Female,Mycat,10/07/1990,9139.81
734,Jamima,Knolles-Green,jknollesgreenkd@chron.com,Female,Kazio,10/11/1990,4522.11
735,Fayre,Gerding,fgerdingke@hud.gov,Female,Miboo,05/02/1991,7974.64
736,Barnabe,Winkless,bwinklesskf@nytimes.com,Male,Flipbug,09/04/1989,4410.28
737,Gradey,Ralling,grallingkg@intel.com,Male,Youopia,25/11/1991,4703.96
738,Alameda,Mechi,amechikh@cnet.com,Female,Kwinu,20/09/1989,9987.15
739,Jedd,Ayscough,jayscoughki@a8.net,Male,Photobug,27/02/1990,3711.16
740,Holt,Aymeric,haymerickj@ehow.com,Male,Thoughtbeat,29/09/1989,10719.20
741,Mikaela,Cardoso,mcardosokk@instagram.com,Female,Brightdog,03/07/1990,8505.56
742,Erich,Whybray,ewhybraykl@gmpg.org,Male,Babblestorm,25/01/1992,5192.07
743,Randie,Kilbey,rkilbeykm@webs.com,Male,Twinder,03/06/1988,10686.78
744,Poul,Cattermoul,pcattermoulkn@wp.com,Male,Edgetag,09/11/1990,10875.90
745,Bartlet,Chadburn,bchadburnko@nytimes.com,Male,Jaxbean,13/04/1991,6029.70
746,Gwenneth,Pibworth,gpibworthkp@cnn.com,Female,Oyonder,04/06/1989,9372.83
747,Chauncey,Valentin,cvalentinkq@gizmodo.com,Male,Mita,06/11/1990,7106.53
748,Marc,Doody,mdoodykr@prlog.org,Male,Minyx,31/01/1988,3643.55
749,Ernest,Cisson,ecissonks@ask.com,Male,Meembee,08/01/1991,4180.03
750,Friedrich,Lewtey,flewteykt@mashable.com,Male,Talane,12/02/1991,5731.76
751,Sher,Trembley,strembleyku@youku.com,Female,Tavu,19/02/1988,11756.95
752,Shaylah,Eccersley,seccersleykv@virginia.edu,Female,Meezzy,12/04/1992,10994.56
753,Richy,Capun,rcapunkw@weather.com,Male,Fivechat,04/01/1988,9558.76
754,Lynelle,Shovelbottom,lshovelbottomkx@yahoo.com,Female,Skyndu,25/02/1991,5842.25
755,Kristian,Garmans,kgarmansky@scribd.com,Male,Youspan,12/11/1991,10625.15
756,Rosemonde,Keiley,rkeileykz@behance.net,Female,Gigazoom,05/05/1989,6088.06
757,Hakim,Tremonte,htremontel0@ca.gov,Male,Einti,02/06/1991,8508.28
758,Rosalynd,Chessor,rchessorl1@wunderground.com,Female,Voomm,23/03/1991,3888.03
759,Justinian,Husby,jhusbyl2@weibo.com,Male,Voonte,02/04/1992,8705.73
760,Salem,Merfin,smerfinl3@ca.gov,Male,Dabvine,05/07/1991,7969.19
761,Rosa,MacIlhagga,rmacilhaggal4@skyrock.com,Female,Quamba,23/09/1988,10581.75
762,Bond,Cotton,bcottonl5@nhs.uk,Male,Yodo,30/11/1989,9600.58
763,Phaedra,Langmead,plangmeadl6@kickstarter.com,Female,Zoomdog,27/01/1989,7482.52
764,Glenden,Schollick,gschollickl7@hc360.com,Male,Edgepulse,14/04/1992,10656.10
765,Ronny,Acom,racoml8@alibaba.com,Female,Topicshots,07/10/1990,7403.00
766,Benedikta,Manvelle,bmanvellel9@mapy.cz,Female,Muxo,17/11/1989,4948.40
767,Shalna,Jailler,sjaillerla@si.edu,Female,Jaxnation,13/02/1989,7983.89
768,Gene,Wadley,gwadleylb@ifeng.com,Female,Wordtune,05/04/1990,8991.20
769,Amos,Bolwell,abolwelllc@berkeley.edu,Male,Quire,05/10/1990,4943.65
770,Terrence,Edmand,tedmandld@home.pl,Male,Flashset,23/03/1990,3714.88
771,Oren,Metts,omettsle@meetup.com,Male,Pixope,21/03/1992,4799.89
772,Bridgette,Beston,bbestonlf@time.com,Female,Devcast,15/08/1990,3681.77
773,Web,Devey,wdeveylg@prnewswire.com,Male,Trunyx,07/03/1992,9136.94
774,Barnard,Tibbits,btibbitslh@linkedin.com,Male,Zooveo,09/02/1990,4276.50
775,Corry,Hussey,chusseyli@flavors.me,Female,Topicshots,14/01/1988,5294.59
776,William,Meneur,wmeneurlj@va.gov,Male,Zooveo,02/01/1990,5171.46
777,Chaddie,Lockie,clockielk@alexa.com,Male,Topicstorm,05/03/1991,10623.25
778,Cilka,Denkel,cdenkelll@fda.gov,Female,Shufflester,08/09/1988,4723.71
779,Nobe,Millward,nmillwardlm@shinystat.com,Male,Aivee,18/12/1989,10467.59
780,Sibilla,Cardoo,scardooln@opensource.org,Female,Gevee,30/03/1988,5368.83
781,Taddeo,Jakoub,tjakoublo@storify.com,Male,Skinix,05/03/1992,5936.56
782,Rogerio,Saffe,rsaffelp@w3.org,Male,Flipbug,23/02/1988,9918.83
783,Amery,Piotrkowski,apiotrkowskilq@europa.eu,Male,Gabvine,18/06/1990,6736.54
784,Domini,Sturdey,dsturdeylr@census.gov,Female,Gabtune,28/01/1990,9718.31
785,Pier,Lippi,plippils@slideshare.net,Female,Oyonder,20/08/1991,11927.55
786,Simone,Jekel,sjekellt@vkontakte.ru,Female,Fliptune,14/05/1988,8046.24
787,Libbey,Noot,lnootlu@wsj.com,Female,Buzzdog,27/02/1991,7787.29
788,Thoma,Luggar,tluggarlv@dropbox.com,Male,Skilith,24/01/1991,7975.02
789,Layne,Billsberry,lbillsberrylw@unc.edu,Female,Feednation,14/04/1991,11835.72
790,Noel,Stigger,nstiggerlx@reference.com,Female,Latz,14/08/1988,4092.78
791,Gerda,Goaley,ggoaleyly@virginia.edu,Female,Oodoo,23/07/1990,6064.88
792,Dorolisa,Cheetham,dcheethamlz@so-net.ne.jp,Female,Dazzlesphere,15/05/1989,4443.73
793,Iorgo,Carn,icarnm0@ebay.com,Male,Jaxnation,01/07/1989,5972.72
794,Donny,Grinikhin,dgrinikhinm1@usatoday.com,Male,Flashset,10/07/1990,7925.79
795,Mannie,Boase,mboasem2@ezinearticles.com,Male,Layo,25/12/1990,3958.76
796,Peyton,Cosford,pcosfordm3@google.de,Male,BlogXS,15/08/1991,6875.65
797,Mariya,Quadrio,mquadriom4@cocolog-nifty.com,Female,Flashset,31/05/1990,3738.46
798,Kayne,Taylorson,ktaylorsonm5@nymag.com,Male,Blogpad,15/06/1990,5842.49
799,Inglis,Durdy,idurdym6@sun.com,Male,Topdrive,10/08/1989,4879.81
800,Alanson,Cullum,acullumm7@imageshack.us,Male,Thoughtmix,15/11/1990,6713.40
801,Liz,Noblett,lnoblettm8@homestead.com,Female,Tanoodle,11/01/1990,9803.81
802,Adelle,Heinzler,aheinzlerm9@nifty.com,Female,Fivebridge,07/06/1990,5656.24
803,Beale,Arcase,barcasema@sakura.ne.jp,Male,Buzzbean,14/05/1988,7961.27
804,Lillis,Bawden,lbawdenmb@cnet.com,Female,Trudoo,08/01/1992,5919.81
805,Luciana,Benninck,lbenninckmc@livejournal.com,Female,Mymm,22/09/1990,9523.04
806,Car,Phonix,cphonixmd@theguardian.com,Male,Edgewire,29/04/1992,6731.19
807,Blayne,Scimone,bscimoneme@4shared.com,Male,Kwimbee,11/11/1989,10859.87
808,Loutitia,Roskelly,lroskellymf@hexun.com,Female,Skajo,05/11/1991,10056.62
809,Verina,Romaines,vromainesmg@hugedomains.com,Female,Rooxo,10/04/1992,8783.93
810,Celka,Bolles,cbollesmh@goodreads.com,Female,Buzzster,07/05/1989,4820.83
811,El,Gregoli,egregolimi@wp.com,Male,Lazz,29/01/1990,11805.42
812,Marion,Tunkin,mtunkinmj@wisc.edu,Male,Roodel,24/02/1990,9846.65
813,Luisa,Spellard,lspellardmk@google.de,Female,Roombo,27/03/1988,8932.45
814,Tracey,Woodroffe,twoodroffeml@mail.ru,Male,JumpXS,29/05/1991,9667.80
815,Fitz,Isgar,fisgarmm@discuz.net,Male,Divape,12/09/1989,4501.49
816,Judah,Thurlow,jthurlowmn@wikia.com,Male,Gigashots,27/05/1989,11116.08
817,Kendal,Hasling,khaslingmo@ezinearticles.com,Male,Gabtype,02/11/1991,6977.35
818,Salim,Filyushkin,sfilyushkinmp@sfgate.com,Male,InnoZ,18/04/1989,3516.97
819,Stacy,Coffin,scoffinmq@salon.com,Female,Eidel,13/03/1990,7583.87
820,Cathrine,Upcott,cupcottmr@is.gd,Female,Twitterbeat,29/01/1992,10759.49
821,Tanner,O' Byrne,tobyrnems@oracle.com,Male,Eidel,13/04/1990,8801.66
822,Joli,Kevis,jkevismt@archive.org,Female,Yata,17/05/1990,6386.41
823,Juanita,Gingles,jginglesmu@ibm.com,Female,Jaxnation,05/11/1988,11928.22
824,Randal,Perche,rperchemv@twitpic.com,Male,Yamia,12/01/1992,9907.18
825,Lanie,Cortez,lcortezmw@addthis.com,Male,Bubbletube,13/04/1988,7353.48
826,Rosamund,Collerd,rcollerdmx@wikia.com,Female,Zoozzy,18/02/1990,7048.44
827,Yolanthe,Ardern,yardernmy@shinystat.com,Female,JumpXS,13/10/1989,11720.44
828,Sidonia,Wildman,swildmanmz@1688.com,Female,Kwinu,07/11/1991,11868.72
829,Lyndsey,Parkman,lparkmann0@seesaa.net,Female,Skiptube,20/01/1992,10318.91
830,Tybie,Rome,tromen1@barnesandnoble.com,Female,Meezzy,30/05/1989,8169.95
831,Ebenezer,Doughtery,edoughteryn2@unesco.org,Male,Yakidoo,04/08/1991,6956.25
832,Susan,Bignell,sbignelln3@loc.gov,Female,Mycat,29/06/1990,7807.50
833,Alexandrina,Eaglesham,aeagleshamn4@taobao.com,Female,Janyx,20/11/1991,9930.70
834,Boony,MacNab,bmacnabn5@ask.com,Male,Rhyzio,04/10/1990,8692.73
835,Merralee,Yude,myuden6@odnoklassniki.ru,Female,Voolith,15/10/1989,7822.43
836,Ollie,Trorey,otroreyn7@is.gd,Male,Wikizz,26/03/1992,6312.52
837,Cindy,Rathborne,crathbornen8@tamu.edu,Female,Zazio,22/08/1989,10088.17
838,Lydia,Byforth,lbyforthn9@vimeo.com,Female,Babbleopia,16/03/1989,9486.02
839,Nickie,Stokell,nstokellna@biglobe.ne.jp,Male,Centizu,03/11/1991,8049.16
840,Lev,Zipsell,lzipsellnb@scribd.com,Male,Blogtag,01/12/1989,9528.16
841,Rhodie,Dalligan,rdalligannc@apple.com,Female,Photobug,25/08/1989,9213.09
842,Lothario,Bockler,lbocklernd@desdev.cn,Male,Thoughtworks,22/03/1988,11483.81
843,Marcelle,Burnie,mburniene@liveinternet.ru,Female,Devcast,11/08/1989,9370.44
844,Erda,Tilio,etilionf@nsw.gov.au,Female,Blogspan,05/10/1990,6079.61
845,Bowie,Paff,bpaffng@netlog.com,Male,Rhycero,18/01/1988,10351.26
846,Jarrod,Markovich,jmarkovichnh@goodreads.com,Male,Voonyx,31/12/1990,10611.05
847,Garrik,Dutnall,gdutnallni@purevolume.com,Male,Youtags,21/08/1990,10379.56
848,Cristian,O'Dougherty,codoughertynj@house.gov,Male,Flipstorm,30/11/1988,11058.41
849,Thurstan,Zavattieri,tzavattierink@imdb.com,Male,Skibox,25/11/1989,10441.39
850,Symon,Caret,scaretnl@springer.com,Male,Latz,06/12/1988,5086.76
851,Jilli,Schwand,jschwandnm@nydailynews.com,Female,Twimbo,11/10/1989,6833.51
852,Lek,Kulic,lkulicnn@com.com,Male,Leenti,10/11/1991,4181.84
853,Umeko,Hatherleigh,uhatherleighno@chron.com,Female,Tazzy,01/05/1990,6745.19
854,Hyacinthe,Backen,hbackennp@umich.edu,Female,Quamba,20/12/1988,9705.15
855,Fredericka,Arden,fardennq@slashdot.org,Female,Skinix,23/10/1989,3508.90
856,Cullie,De Banke,cdebankenr@sfgate.com,Male,Jayo,01/03/1991,4953.02
857,Stavro,Butteris,sbutterisns@google.co.uk,Male,Realbuzz,08/05/1990,4685.96
858,Lorianna,Otton,lottonnt@google.co.uk,Female,Youopia,12/02/1989,7249.63
859,Jocelyne,Fredi,jfredinu@yandex.ru,Female,Skyvu,25/05/1989,9622.79
860,Curry,McHardy,cmchardynv@statcounter.com,Male,Oyoloo,11/10/1988,6116.06
861,Bald,Blundel,bblundelnw@soundcloud.com,Male,Tekfly,30/11/1991,8375.81
862,Gregoire,Allcock,gallcocknx@vkontakte.ru,Male,Ozu,04/11/1991,11086.28
863,Nalani,Cupper,ncupperny@dot.gov,Female,Oodoo,20/08/1989,8145.50
864,Carmon,Harflete,charfletenz@china.com.cn,Female,Thoughtworks,13/04/1991,9149.77
865,Shamus,Cummine,scummineo0@va.gov,Male,Fiveclub,02/02/1990,5402.41
866,Leslie,Vedekhov,lvedekhovo1@hostgator.com,Female,Skipstorm,03/07/1990,6926.03
867,Nicholas,Veryard,nveryardo2@fema.gov,Male,Divavu,17/10/1990,4228.65
868,Mandy,Dyer,mdyero3@ameblo.jp,Female,Jayo,11/12/1989,10000.20
869,Hewe,O'Heyne,hoheyneo4@newyorker.com,Male,Ainyx,12/08/1989,6789.28
870,Harri,Lamerton,hlamertono5@artisteer.com,Female,Divape,09/08/1989,11043.69
871,Godart,Sarney,gsarneyo6@ameblo.jp,Male,Tagopia,01/02/1991,4153.51
872,Russ,Burhill,rburhillo7@addthis.com,Male,Brainverse,02/12/1990,11076.50
873,Clarinda,Baume,cbaumeo8@icq.com,Female,Wikibox,24/12/1990,6789.26
874,Phillipp,Cruickshank,pcruickshanko9@cnbc.com,Male,Feedspan,29/06/1988,7425.45
875,Edwina,Jumont,ejumontoa@timesonline.co.uk,Female,Chatterbridge,24/01/1988,8198.45
876,Gaspar,Screech,gscreechob@upenn.edu,Male,Skimia,13/03/1991,8857.94
877,Jorie,MacGill,jmacgilloc@deviantart.com,Female,Skidoo,01/03/1991,11966.90
878,Warren,Aves,wavesod@elpais.com,Male,Dabtype,22/06/1990,11541.11
879,Barrie,Trayhorn,btrayhornoe@pen.io,Female,Muxo,14/07/1990,9620.46
880,Fanya,Lenox,flenoxof@who.int,Female,Zoomdog,15/02/1989,6907.55
881,Mahala,Moxley,mmoxleyog@hatena.ne.jp,Female,Topicshots,30/11/1990,8676.78
882,Artemus,Pixton,apixtonoh@bizjournals.com,Male,Quatz,08/11/1991,11679.62
883,Bradley,Lamlin,blamlinoi@w3.org,Male,Meevee,27/08/1991,4272.41
884,Lillis,Barratt,lbarrattoj@google.co.uk,Female,Flipstorm,05/01/1989,11144.73
885,Suzette,Klaus,sklausok@jimdo.com,Female,Twimm,24/12/1991,9015.18
886,Arlena,Eastment,aeastmentol@army.mil,Female,Rhycero,16/06/1988,11116.17
887,Katrina,Iannazzi,kiannazziom@examiner.com,Female,Izio,04/08/1991,10115.55
888,Ramsay,Walrond,rwalrondon@photobucket.com,Male,Skynoodle,04/09/1989,9245.95
889,Zechariah,Sprigings,zsprigingsoo@blogtalkradio.com,Male,Pixonyx,09/05/1991,4851.20
890,Olav,Kedie,okedieop@ucla.edu,Male,Browsetype,31/03/1991,10091.16
891,Adrienne,Jurzyk,ajurzykoq@soundcloud.com,Female,DabZ,03/01/1992,11106.80
892,Zebulon,Penfold,zpenfoldor@upenn.edu,Male,Oloo,17/07/1988,9382.14
893,Gram,Etridge,getridgeos@psu.edu,Male,Fivebridge,23/10/1991,6723.71
894,Carola,Munson,cmunsonot@ucsd.edu,Female,Oodoo,03/02/1988,6175.91
895,Dannie,Avon,davonou@uiuc.edu,Male,Kare,29/06/1991,6469.33
896,Karmen,Arnecke,karneckeov@github.io,Female,Mymm,04/04/1992,5414.20
897,Bartholomeo,Whereat,bwhereatow@t-online.de,Male,Zoomzone,26/01/1992,10574.16
898,Tudor,Dibbe,tdibbeox@telegraph.co.uk,Male,Wikizz,23/04/1988,5562.38
899,Dudley,Fantin,dfantinoy@parallels.com,Male,Voolia,15/07/1991,4712.85
900,Aveline,McClory,amccloryoz@tamu.edu,Female,Topicstorm,23/03/1992,4017.53
901,Ebeneser,Etherington,eetheringtonp0@domainmarket.com,Male,Podcat,18/08/1989,5122.95
902,Shannah,Gathercoal,sgathercoalp1@narod.ru,Female,Quatz,15/07/1991,11960.82
903,Merrie,De Blasi,mdeblasip2@salon.com,Female,Skyvu,07/04/1990,6880.27
904,Valentino,Hencke,vhenckep3@angelfire.com,Male,Feednation,25/08/1990,11467.37
905,Delora,Fogel,dfogelp4@dmoz.org,Female,Yambee,31/03/1989,11589.09
906,Ephrem,Killwick,ekillwickp5@devhub.com,Male,Wikizz,09/05/1988,4447.92
907,David,Brobyn,dbrobynp6@photobucket.com,Male,Babbleblab,24/01/1991,10365.28
908,Tris,Eble,teblep7@cnn.com,Male,Thoughtstorm,14/10/1991,3741.89
909,Engelbert,Ferretti,eferrettip8@gizmodo.com,Male,Quimba,24/09/1988,10213.28
910,Vaughan,Eddowes,veddowesp9@purevolume.com,Male,Yodel,02/03/1988,7531.80
911,Clotilda,Bothams,cbothamspa@a8.net,Female,Bubblebox,09/04/1992,8256.71
912,Penelope,Pulteneye,ppulteneyepb@census.gov,Female,Realmix,29/03/1992,4203.39
913,Sherry,Bonsall,sbonsallpc@apache.org,Female,Wikibox,05/11/1988,10125.55
914,Shermie,Forsyde,sforsydepd@washington.edu,Male,Lajo,05/03/1992,6093.12
915,Mic,Rospars,mrosparspe@columbia.edu,Male,Talane,05/07/1990,5940.47
916,Nathanial,Gammet,ngammetpf@booking.com,Male,Feedfish,11/12/1990,8775.07
917,Ethe,Ballintime,eballintimepg@foxnews.com,Male,Jabbertype,13/08/1989,7794.73
918,Orran,Cinavas,ocinavasph@theglobeandmail.com,Male,Flashdog,13/02/1991,10011.30
919,Brenda,Cordaroy,bcordaroypi@ucoz.com,Female,Wordware,17/03/1992,6552.59
920,Harvey,Driscoll,hdriscollpj@tinypic.com,Male,Realcube,07/06/1990,8250.83
921,Karla,Demare,kdemarepk@ifeng.com,Female,Oyoba,10/04/1989,3944.92
922,Jobie,MacKissack,jmackissackpl@about.com,Female,Topdrive,12/07/1988,5043.00
923,Saul,Burstow,sburstowpm@blogtalkradio.com,Male,Thoughtbeat,26/10/1988,4486.97
924,Mabelle,Foulds,mfouldspn@cargocollective.com,Female,Jetpulse,20/11/1990,8100.17
925,Harp,Donan,hdonanpo@icq.com,Male,Thoughtstorm,25/01/1988,6687.95
926,Eleonora,Maddison,emaddisonpp@typepad.com,Female,Devpoint,16/02/1988,5386.97
927,Georgeanne,Romi,gromipq@dot.gov,Female,Bubblebox,20/02/1990,11591.25
928,Kiley,Di Matteo,kdimatteopr@cam.ac.uk,Female,Shuffletag,03/04/1990,9072.79
929,Bobbe,Zupa,bzupaps@bandcamp.com,Female,Quimm,05/09/1989,8470.07
930,Parker,Rockey,prockeypt@ow.ly,Male,Flipopia,27/10/1990,11933.47
931,Irwin,Pennigar,ipennigarpu@ucsd.edu,Male,Skyvu,27/02/1990,9274.36
932,Rubina,Morales,rmoralespv@latimes.com,Female,Twitterwire,07/05/1989,3746.90
933,Vally,Skym,vskympw@about.com,Female,Twitterlist,16/01/1992,6048.31
934,Perry,Tanti,ptantipx@flavors.me,Male,Demivee,11/04/1992,8383.62
935,Hoebart,Doghartie,hdoghartiepy@mysql.com,Male,Browsedrive,19/07/1989,5339.40
936,Zonnya,Frosch,zfroschpz@discovery.com,Female,Feedbug,12/06/1990,10702.13
937,Cristiano,Eddleston,ceddlestonq0@intel.com,Male,Quatz,18/11/1991,3865.79
938,Travis,Shimuk,tshimukq1@aol.com,Male,Mita,30/10/1990,5133.29
939,Deeyn,Phlippi,dphlippiq2@cnbc.com,Female,Ozu,03/07/1989,11543.19
940,Elysha,Allsopp,eallsoppq3@sina.com.cn,Female,Tagpad,22/04/1989,5493.30
941,Elnora,Deverille,edeverilleq4@amazonaws.com,Female,Ailane,08/03/1988,11787.34
942,Pip,McIlvoray,pmcilvorayq5@tripod.com,Male,Bluejam,13/01/1992,7025.06
943,Sherline,Getley,sgetleyq6@columbia.edu,Female,Dabjam,08/10/1989,10455.19
944,Gloriana,Sired,gsiredq7@yahoo.co.jp,Female,Pixoboo,21/07/1989,7946.25
945,Marchall,Jobey,mjobeyq8@over-blog.com,Male,Plambee,21/02/1988,11191.49
946,Dom,Ravenscroftt,dravenscrofttq9@lycos.com,Male,Lazz,16/06/1989,7639.62
947,Esme,Batman,ebatmanqa@cbc.ca,Male,Skyndu,16/03/1992,8253.52
948,Kelcy,Jacmard,kjacmardqb@narod.ru,Female,Dynazzy,22/03/1992,4811.95
949,Ardelle,Vannucci,avannucciqc@hubpages.com,Female,Skilith,11/07/1991,10207.43
950,Patrice,Elph,pelphqd@arstechnica.com,Male,Edgepulse,17/02/1988,4440.61
951,Pascale,Hindsberg,phindsbergqe@opera.com,Male,Photospace,21/08/1988,5807.92
952,Idalina,Gumbrell,igumbrellqf@etsy.com,Female,Rooxo,19/06/1990,5429.30
953,Bald,Devericks,bdevericksqg@php.net,Male,Yakidoo,01/11/1988,11458.97
954,Friedrick,Howling,fhowlingqh@php.net,Male,Nlounge,24/05/1991,4497.33
955,Vassili,Gerrill,vgerrillqi@bluehost.com,Male,Tazz,18/12/1988,11900.17
956,Kristoforo,Langrish,klangrishqj@amazonaws.com,Male,Brainverse,08/03/1992,6092.02
957,Barnabe,Degoy,bdegoyqk@nytimes.com,Male,Jamia,02/05/1990,10299.00
958,Germain,Simko,gsimkoql@goo.gl,Male,Skimia,31/08/1989,4808.06
959,Thane,Lourenco,tlourencoqm@odnoklassniki.ru,Male,Mycat,10/02/1989,4255.58
960,Trev,Kornel,tkornelqn@stumbleupon.com,Male,Photobean,14/11/1991,5688.68
961,Claire,Cubbini,ccubbiniqo@dropbox.com,Female,Latz,06/08/1990,9118.80
962,Mackenzie,Foan,mfoanqp@bluehost.com,Male,Eare,07/04/1989,11088.81
963,Hartwell,Itscowics,hitscowicsqq@theglobeandmail.com,Male,Zazio,29/08/1990,8626.44
964,Rowen,Devall,rdevallqr@paypal.com,Male,Trunyx,22/11/1989,6486.27
965,Lannie,Martinello,lmartinelloqs@timesonline.co.uk,Male,Yacero,07/02/1988,4866.29
966,Frannie,McReedy,fmcreedyqt@miibeian.gov.cn,Female,Yakijo,02/05/1990,6379.07
967,Amitie,Soonhouse,asoonhousequ@un.org,Female,Layo,01/02/1991,11166.47
968,Shelby,Thomtson,sthomtsonqv@harvard.edu,Male,Skidoo,10/05/1989,9064.10
969,Neysa,Sawkin,nsawkinqw@netvibes.com,Female,Devcast,29/10/1989,6570.05
970,Evy,Derle,ederleqx@nifty.com,Female,Jaloo,21/09/1989,6805.97
971,Fanchon,Paylor,fpaylorqy@printfriendly.com,Female,Topiczoom,19/05/1991,6202.26
972,Allyn,Szwarc,aszwarcqz@etsy.com,Male,Linklinks,29/05/1990,7740.07
973,Stanislaus,Poulney,spoulneyr0@youtu.be,Male,Blogtags,29/04/1990,7573.13
974,Eamon,Legerton,elegertonr1@newyorker.com,Male,Zoomdog,05/07/1988,8592.67
975,Benoit,Speers,bspeersr2@theglobeandmail.com,Male,Meejo,27/02/1989,7049.06
976,Paco,Burril,pburrilr3@microsoft.com,Male,Gevee,20/08/1989,7764.66
977,Caron,Applewhite,capplewhiter4@miitbeian.gov.cn,Female,Digitube,08/04/1992,9547.22
978,Morey,de Vaen,mdevaenr5@twitter.com,Male,Tazz,23/07/1990,4062.98
979,Rebe,Grigorini,rgrigorinir6@dot.gov,Female,Skinix,25/01/1991,7722.67
980,Pearle,Ferries,pferriesr7@wikia.com,Female,Zoombeat,04/07/1990,8890.65
981,Astrid,Yaakov,ayaakovr8@bravesites.com,Female,Bubbletube,10/12/1988,7072.20
982,Becky,Wille,bwiller9@google.co.jp,Female,Topicshots,15/07/1988,7508.90
983,Julia,Cheeld,jcheeldra@chron.com,Female,Gabtype,17/03/1988,9935.38
984,Boote,Linny,blinnyrb@auda.org.au,Male,Youspan,14/07/1990,6197.24
985,Kerry,Wigmore,kwigmorerc@networkadvertising.org,Male,Flashpoint,30/07/1991,11275.66
986,Hamel,Savill,hsavillrd@salon.com,Male,Babbleopia,12/04/1989,11019.74
987,Garvey,Cowap,gcowapre@blogtalkradio.com,Male,Izio,09/03/1988,5977.31
988,Kyla,Proctor,kproctorrf@wix.com,Female,Quatz,01/01/1992,4104.20
989,Kristo,Mooring,kmooringrg@blogger.com,Male,Fliptune,23/04/1992,5692.41
990,Joni,Osichev,josichevrh@engadget.com,Female,Buzzster,01/04/1992,3609.55
991,Iormina,Cathel,icathelri@msn.com,Female,Gevee,04/03/1992,5339.71
992,Tony,Pilling,tpillingrj@digg.com,Male,Dynava,03/09/1990,5797.70
993,Horace,Mc Cahey,hmccaheyrk@moonfruit.com,Male,Kaymbo,25/09/1989,4028.27
994,Luciano,O'Dempsey,lodempseyrl@google.cn,Male,Voomm,27/02/1989,5171.29
995,Sigfrid,Lawson,slawsonrm@wufoo.com,Male,Feedfire,09/10/1991,11036.05
996,Alvinia,Wickey,awickeyrn@hibu.com,Female,Yambee,04/10/1990,4137.31
997,Jay,Kenewel,jkenewelro@independent.co.uk,Male,Youbridge,18/05/1991,3918.54
998,Fremont,Worshall,fworshallrp@dmoz.org,Male,Rhynyx,08/10/1989,4055.66
999,Alayne,Doick,adoickrq@examiner.com,Female,Fadeo,02/10/1991,6173.28
1000,Gerrard,Mayho,gmayhorr@dell.com,Male,Yombu,22/01/1988,9319.30
